school,sex,age,address,famsize,Pstatus,Medu,Fedu,Mjob,Fjob,reason,guardian,traveltime,studytime,failures,schoolsup,famsup,paid,activities,nursery,higher,internet,romantic,famrel,freetime,goout,Dalc,Walc,health,absences,G1,G2,G3,subject,student_id,school_enc,sex_enc,address_enc,famsize_enc,Pstatus_enc,Mjob_enc,Fjob_enc,reason_enc,guardian_enc,avg_grade,performance_class
GP,F,18,U,GT3,A,4,4,at_home,teacher,course,mother,2,2,0,1,0,0,0,1,1,0,0,4,3,4,1,1,3,6,5,6,6,Math,1,0,0,1,1,0,0,4,0,1,5.666666666666667,At-Risk
GP,F,17,U,GT3,T,1,1,at_home,other,course,father,1,2,0,0,1,0,0,0,1,1,0,5,3,3,1,1,3,4,5,5,6,Math,2,0,0,1,1,1,0,2,0,0,5.333333333333333,At-Risk
GP,F,15,U,LE3,T,1,1,at_home,other,other,mother,1,2,3,1,0,1,0,1,1,1,0,4,3,2,2,3,3,10,7,8,10,Math,3,0,0,1,0,1,0,2,2,1,8.333333333333334,Average
GP,F,15,U,GT3,T,4,2,health,services,home,mother,1,3,0,0,1,1,1,1,1,1,1,3,2,2,1,1,5,2,15,14,15,Math,4,0,0,1,1,1,1,3,1,1,14.666666666666666,High
GP,F,16,U,GT3,T,3,3,other,other,home,father,1,2,0,0,1,1,0,1,1,0,0,4,3,2,1,2,5,4,6,10,10,Math,5,0,0,1,1,1,2,2,1,0,8.666666666666666,Average
GP,M,16,U,LE3,T,4,3,services,other,reputation,mother,1,2,0,0,1,1,1,1,1,1,0,5,4,2,1,2,5,10,15,15,15,Math,6,0,1,1,0,1,3,2,3,1,15.0,High
GP,M,16,U,LE3,T,2,2,other,other,home,mother,1,2,0,0,0,0,0,1,1,1,0,4,4,4,1,1,3,0,12,12,11,Math,7,0,1,1,0,1,2,2,1,1,11.666666666666666,Average
GP,F,17,U,GT3,A,4,4,other,teacher,home,mother,2,2,0,1,1,0,0,1,1,0,0,4,1,4,1,1,1,6,6,5,6,Math,8,0,0,1,1,0,2,4,1,1,5.666666666666667,At-Risk
GP,M,15,U,LE3,A,3,2,services,other,home,mother,1,2,0,0,1,1,0,1,1,1,0,4,2,2,1,1,1,0,16,18,19,Math,9,0,1,1,0,0,3,2,1,1,17.666666666666668,High
GP,M,15,U,GT3,T,3,4,other,other,home,mother,1,2,0,0,1,1,1,1,1,1,0,5,5,1,1,1,5,0,14,15,15,Math,10,0,1,1,1,1,2,2,1,1,14.666666666666666,High
GP,F,15,U,GT3,T,4,4,teacher,health,reputation,mother,1,2,0,0,1,1,0,1,1,1,0,3,3,3,1,2,2,0,10,8,9,Math,11,0,0,1,1,1,4,1,3,1,9.0,At-Risk
GP,F,15,U,GT3,T,2,1,services,other,reputation,father,3,3,0,0,1,0,1,1,1,1,0,5,2,2,1,1,4,4,10,12,12,Math,12,0,0,1,1,1,3,2,3,0,11.333333333333334,Average
GP,M,15,U,LE3,T,4,4,health,services,course,father,1,1,0,0,1,1,1,1,1,1,0,4,3,3,1,3,5,2,14,14,14,Math,13,0,1,1,0,1,1,3,0,0,14.0,Average
GP,M,15,U,GT3,T,4,3,teacher,other,course,mother,2,2,0,0,1,1,0,1,1,1,0,5,4,3,1,2,3,2,10,10,11,Math,14,0,1,1,1,1,4,2,0,1,10.333333333333334,Average
GP,M,15,U,GT3,A,2,2,other,other,home,other,1,3,0,0,1,0,0,1,1,1,1,4,5,2,1,1,3,0,14,16,16,Math,15,0,1,1,1,0,2,2,1,2,15.333333333333334,High
GP,F,16,U,GT3,T,4,4,health,other,home,mother,1,1,0,0,1,0,0,1,1,1,0,4,4,4,1,2,2,4,14,14,14,Math,16,0,0,1,1,1,1,2,1,1,14.0,Average
GP,F,16,U,GT3,T,4,4,services,services,reputation,mother,1,3,0,0,1,1,1,1,1,1,0,3,2,3,1,2,2,6,13,14,14,Math,17,0,0,1,1,1,3,3,3,1,13.666666666666666,Average
GP,F,16,U,GT3,T,3,3,other,other,reputation,mother,3,2,0,1,1,0,1,1,1,0,0,5,3,2,1,1,4,4,8,10,10,Math,18,0,0,1,1,1,2,2,3,1,9.333333333333334,Average
GP,M,17,U,GT3,T,3,2,services,services,course,mother,1,1,3,0,1,0,1,1,1,1,0,5,5,5,2,4,5,16,6,5,5,Math,19,0,1,1,1,1,3,3,0,1,5.333333333333333,At-Risk
GP,M,16,U,LE3,T,4,3,health,other,home,father,1,1,0,0,0,1,1,1,1,1,0,3,1,3,1,3,5,4,8,10,10,Math,20,0,1,1,0,1,1,2,1,0,9.333333333333334,Average
GP,M,15,U,GT3,T,4,3,teacher,other,reputation,mother,1,2,0,0,0,0,0,1,1,1,0,4,4,1,1,1,1,0,13,14,15,Math,21,0,1,1,1,1,4,2,3,1,14.0,High
GP,M,15,U,GT3,T,4,4,health,health,other,father,1,1,0,0,1,1,0,1,1,1,0,5,4,2,1,1,5,0,12,15,15,Math,22,0,1,1,1,1,1,1,2,0,14.0,High
GP,M,16,U,LE3,T,4,2,teacher,other,course,mother,1,2,0,0,0,0,1,1,1,1,0,4,5,1,1,3,5,2,15,15,16,Math,23,0,1,1,0,1,4,2,0,1,15.333333333333334,High
GP,M,16,U,LE3,T,2,2,other,other,reputation,mother,2,2,0,0,1,0,1,1,1,1,0,5,4,4,2,4,5,0,13,13,12,Math,24,0,1,1,0,1,2,2,3,1,12.666666666666666,Average
GP,F,15,R,GT3,T,2,4,services,health,course,mother,1,3,0,1,1,1,1,1,1,1,0,4,3,2,1,1,5,2,10,9,8,Math,25,0,0,0,1,1,3,1,0,1,9.0,At-Risk
GP,F,16,U,GT3,T,2,2,services,services,home,mother,1,1,2,0,1,1,0,0,1,1,0,1,2,2,1,3,5,14,6,9,8,Math,26,0,0,1,1,1,3,3,1,1,7.666666666666667,At-Risk
GP,M,15,U,GT3,T,2,2,other,other,home,mother,1,1,0,0,1,1,0,1,1,1,0,4,2,2,1,2,5,2,12,12,11,Math,27,0,1,1,1,1,2,2,1,1,11.666666666666666,Average
GP,M,15,U,GT3,T,4,2,health,services,other,mother,1,1,0,0,0,1,0,1,1,1,0,2,2,4,2,4,1,4,15,16,15,Math,28,0,1,1,1,1,1,3,2,1,15.333333333333334,High
GP,M,16,U,LE3,A,3,4,services,other,home,mother,1,2,0,1,1,0,1,1,1,1,0,5,3,3,1,1,5,4,11,11,11,Math,29,0,1,1,0,0,3,2,1,1,11.0,Average
GP,M,16,U,GT3,T,4,4,teacher,teacher,home,mother,1,2,0,0,1,1,1,1,1,1,1,4,4,5,5,5,5,16,10,12,11,Math,30,0,1,1,1,1,4,4,1,1,11.0,Average
GP,M,15,U,GT3,T,4,4,health,services,home,mother,1,2,0,0,1,1,0,0,1,1,0,5,4,2,3,4,5,0,9,11,12,Math,31,0,1,1,1,1,1,3,1,1,10.666666666666666,Average
GP,M,15,U,GT3,T,4,4,services,services,reputation,mother,2,2,0,0,1,0,1,1,1,1,0,4,3,1,1,1,5,0,17,16,17,Math,32,0,1,1,1,1,3,3,3,1,16.666666666666668,High
GP,M,15,R,GT3,T,4,3,teacher,at_home,course,mother,1,2,0,0,1,0,1,1,1,1,1,4,5,2,1,1,5,0,17,16,16,Math,33,0,1,0,1,1,4,0,0,1,16.333333333333332,High
GP,M,15,U,LE3,T,3,3,other,other,course,mother,1,2,0,0,0,0,1,0,1,1,0,5,3,2,1,1,2,0,8,10,12,Math,34,0,1,1,0,1,2,2,0,1,10.0,Average
GP,M,16,U,GT3,T,3,2,other,other,home,mother,1,1,0,0,1,1,0,0,1,1,0,5,4,3,1,1,5,0,12,14,15,Math,35,0,1,1,1,1,2,2,1,1,13.666666666666666,High
GP,F,15,U,GT3,T,2,3,other,other,other,father,2,1,0,0,1,0,1,1,1,0,0,3,5,1,1,1,5,0,8,7,6,Math,36,0,0,1,1,1,2,2,2,0,7.0,At-Risk
GP,M,15,U,LE3,T,4,3,teacher,services,home,mother,1,3,0,0,1,0,1,1,1,1,0,5,4,3,1,1,4,2,15,16,18,Math,37,0,1,1,0,1,4,3,1,1,16.333333333333332,High
GP,M,16,R,GT3,A,4,4,other,teacher,reputation,mother,2,3,0,0,1,0,1,1,1,1,1,2,4,3,1,1,5,7,15,16,15,Math,38,0,1,0,1,0,2,4,3,1,15.333333333333334,High
GP,F,15,R,GT3,T,3,4,services,health,course,mother,1,3,0,1,1,1,1,1,1,1,0,4,3,2,1,1,5,2,12,12,11,Math,39,0,0,0,1,1,3,1,0,1,11.666666666666666,Average
GP,F,15,R,GT3,T,2,2,at_home,other,reputation,mother,1,1,0,1,1,1,1,1,1,0,0,4,3,1,1,1,2,8,14,13,13,Math,40,0,0,0,1,1,0,2,3,1,13.333333333333334,Average
GP,F,16,U,LE3,T,2,2,other,other,home,mother,2,2,1,0,1,0,1,0,1,1,1,3,3,3,1,2,3,25,7,10,11,Math,41,0,0,1,0,1,2,2,1,1,9.333333333333334,Average
GP,M,15,U,LE3,T,4,4,teacher,other,home,other,1,1,0,0,1,0,0,0,1,1,1,5,4,3,2,4,5,8,12,12,12,Math,42,0,1,1,0,1,4,2,1,2,12.0,Average
GP,M,15,U,GT3,T,4,4,services,teacher,course,father,1,2,0,0,1,0,1,1,1,1,0,4,3,3,1,1,5,2,19,18,18,Math,43,0,1,1,1,1,3,4,0,0,18.333333333333332,High
GP,M,15,U,GT3,T,2,2,services,services,course,father,1,1,0,1,1,0,0,1,1,1,0,5,4,1,1,1,1,0,8,8,11,Math,44,0,1,1,1,1,3,3,0,0,9.0,Average
GP,F,16,U,LE3,T,2,2,other,at_home,course,father,2,2,1,1,0,0,1,1,1,1,0,4,3,3,2,2,5,14,10,10,9,Math,45,0,0,1,0,1,2,0,0,0,9.666666666666666,At-Risk
GP,F,15,U,LE3,A,4,3,other,other,course,mother,1,2,0,1,1,1,1,1,1,1,1,5,2,2,1,1,5,8,8,8,6,Math,46,0,0,1,0,0,2,2,0,1,7.333333333333333,At-Risk
GP,F,16,U,LE3,A,3,3,other,services,home,mother,1,2,0,0,1,0,0,1,1,1,0,2,3,5,1,4,3,12,11,12,11,Math,47,0,0,1,0,0,2,3,1,1,11.333333333333334,Average
GP,M,16,U,GT3,T,4,3,health,services,reputation,mother,1,4,0,0,0,0,1,1,1,1,0,4,2,2,1,1,2,4,19,19,20,Math,48,0,1,1,1,1,1,3,3,1,19.333333333333332,High
GP,M,15,U,GT3,T,4,2,teacher,other,home,mother,1,2,0,0,1,1,0,1,1,0,0,4,3,3,2,2,5,2,15,15,14,Math,49,0,1,1,1,1,4,2,1,1,14.666666666666666,Average
GP,F,15,U,GT3,T,4,4,services,teacher,other,father,1,2,1,1,1,0,1,0,1,1,0,4,4,4,1,1,3,2,7,7,7,Math,50,0,0,1,1,1,3,4,2,0,7.0,At-Risk
GP,F,16,U,LE3,T,2,2,services,services,course,mother,3,2,0,0,1,1,0,1,1,1,0,4,3,3,2,3,4,2,12,13,13,Math,51,0,0,1,0,1,3,3,0,1,12.666666666666666,Average
GP,F,15,U,LE3,T,4,2,health,other,other,mother,1,2,0,0,1,1,0,1,1,1,0,4,3,3,1,1,5,2,11,13,13,Math,52,0,0,1,0,1,1,2,2,1,12.333333333333334,Average
GP,M,15,U,LE3,A,4,2,health,health,other,father,2,1,1,0,0,0,0,1,1,0,0,5,5,5,3,4,5,6,11,11,10,Math,53,0,1,1,0,0,1,1,2,0,10.666666666666666,Average
GP,F,15,U,GT3,T,4,4,services,services,course,mother,1,1,0,1,1,1,0,1,1,1,0,3,3,4,2,3,5,0,8,10,11,Math,54,0,0,1,1,1,3,3,0,1,9.666666666666666,Average
GP,F,15,U,LE3,A,3,3,other,other,other,mother,1,1,0,0,0,1,0,1,1,1,0,5,3,4,4,4,1,6,10,13,13,Math,55,0,0,1,0,0,2,2,2,1,12.0,Average
GP,F,16,U,GT3,A,2,1,other,other,other,mother,1,2,0,0,0,1,1,1,1,1,1,5,3,4,1,1,2,8,8,9,10,Math,56,0,0,1,1,0,2,2,2,1,9.0,Average
GP,F,15,U,GT3,A,4,3,services,services,reputation,mother,1,2,0,0,1,1,1,1,1,1,0,4,3,2,1,1,1,0,14,15,15,Math,57,0,0,1,1,0,3,3,3,1,14.666666666666666,High
GP,M,15,U,GT3,T,4,4,teacher,health,reputation,mother,1,2,0,0,1,0,1,1,1,0,0,3,2,2,1,1,5,4,14,15,15,Math,58,0,1,1,1,1,4,1,3,1,14.666666666666666,High
GP,M,15,U,LE3,T,1,2,other,at_home,home,father,1,2,0,1,1,0,1,1,1,1,0,4,3,2,1,1,5,2,9,10,9,Math,59,0,1,1,0,1,2,0,1,0,9.333333333333334,At-Risk
GP,F,16,U,GT3,T,4,2,services,other,course,mother,1,2,0,0,1,0,0,1,1,1,0,4,2,3,1,1,5,2,15,16,16,Math,60,0,0,1,1,1,3,2,0,1,15.666666666666666,High
GP,F,16,R,GT3,T,4,4,health,teacher,other,mother,1,2,0,0,1,0,1,1,1,0,0,2,4,4,2,3,4,6,10,11,11,Math,61,0,0,0,1,1,1,4,2,1,10.666666666666666,Average
GP,F,16,U,GT3,T,1,1,services,services,course,father,4,1,0,1,1,0,1,0,1,1,1,5,5,5,5,5,5,6,10,8,11,Math,62,0,0,1,1,1,3,3,0,0,9.666666666666666,Average
GP,F,16,U,LE3,T,1,2,other,services,reputation,father,1,2,0,1,0,0,1,1,1,1,0,4,4,3,1,1,1,4,8,10,9,Math,63,0,0,1,0,1,2,3,3,0,9.0,At-Risk
GP,F,16,U,GT3,T,4,3,teacher,health,home,mother,1,3,0,1,1,1,1,1,1,1,0,3,4,4,2,4,4,2,10,9,9,Math,64,0,0,1,1,1,4,1,1,1,9.333333333333334,At-Risk
GP,F,15,U,LE3,T,4,3,services,services,reputation,father,1,2,0,1,0,0,1,1,1,1,1,4,4,4,2,4,2,0,10,10,10,Math,65,0,0,1,0,1,3,3,3,0,10.0,Average
GP,F,16,U,LE3,T,4,3,teacher,services,course,mother,3,2,0,0,1,0,1,1,1,1,0,5,4,3,1,2,1,2,16,15,15,Math,66,0,0,1,0,1,4,3,0,1,15.333333333333334,High
GP,M,15,U,GT3,A,4,4,other,services,reputation,mother,1,4,0,0,1,0,1,0,1,1,1,1,3,3,5,5,3,4,13,13,12,Math,67,0,1,1,1,0,2,3,3,1,12.666666666666666,Average
GP,F,16,U,GT3,T,3,1,services,other,course,mother,1,4,0,1,1,1,0,1,1,1,0,4,3,3,1,2,5,4,7,7,6,Math,68,0,0,1,1,1,3,2,0,1,6.666666666666667,At-Risk
GP,F,15,R,LE3,T,2,2,health,services,reputation,mother,2,2,0,1,1,1,0,1,1,1,0,4,1,3,1,3,4,2,8,9,8,Math,69,0,0,0,0,1,1,3,3,1,8.333333333333334,At-Risk
GP,F,15,R,LE3,T,3,1,other,other,reputation,father,2,4,0,0,1,0,0,0,1,1,0,4,4,2,2,3,3,12,16,16,16,Math,70,0,0,0,0,1,2,2,3,0,16.0,High
GP,M,16,U,GT3,T,3,1,other,other,reputation,father,2,4,0,0,1,1,0,1,1,1,0,4,3,2,1,1,5,0,13,15,15,Math,71,0,1,1,1,1,2,2,3,0,14.333333333333334,High
GP,M,15,U,GT3,T,4,2,other,other,course,mother,1,4,0,0,0,0,0,1,1,1,0,3,3,3,1,1,3,0,10,10,10,Math,72,0,1,1,1,1,2,2,0,1,10.0,Average
GP,F,15,R,GT3,T,1,1,other,other,reputation,mother,1,2,2,1,1,0,0,0,1,1,1,3,3,4,2,4,5,2,8,6,5,Math,73,0,0,0,1,1,2,2,3,1,6.333333333333333,At-Risk
GP,M,16,U,GT3,T,3,1,other,other,reputation,mother,1,1,0,0,0,0,1,1,1,0,0,5,3,2,2,2,5,2,12,12,14,Math,74,0,1,1,1,1,2,2,3,1,12.666666666666666,Average
GP,F,16,U,GT3,T,3,3,other,services,home,mother,1,2,0,1,1,1,1,1,1,1,0,4,3,3,2,4,5,54,11,12,11,Math,75,0,0,1,1,1,2,3,1,1,11.333333333333334,Average
GP,M,15,U,GT3,T,4,3,teacher,other,home,mother,1,2,0,0,1,1,1,1,1,1,0,4,3,3,2,3,5,6,9,9,10,Math,76,0,1,1,1,1,4,2,1,1,9.333333333333334,Average
GP,M,15,U,GT3,T,4,0,teacher,other,course,mother,2,4,0,0,0,0,1,1,1,1,0,3,4,3,1,1,1,8,11,11,10,Math,77,0,1,1,1,1,4,2,0,1,10.666666666666666,Average
GP,F,16,U,GT3,T,2,2,other,other,reputation,mother,1,4,0,0,0,1,0,1,1,1,1,5,2,3,1,3,3,0,11,11,11,Math,78,0,0,1,1,1,2,2,3,1,11.0,Average
GP,M,17,U,GT3,T,2,1,other,other,home,mother,2,1,3,1,1,0,1,1,0,1,0,4,5,1,1,1,3,2,8,8,10,Math,79,0,1,1,1,1,2,2,1,1,8.666666666666666,Average
GP,F,16,U,GT3,T,3,4,at_home,other,course,mother,1,2,0,0,1,0,0,1,1,1,0,2,4,3,1,2,3,12,5,5,5,Math,80,0,0,1,1,1,0,2,0,1,5.0,At-Risk
GP,M,15,U,GT3,T,2,3,other,services,course,father,1,1,0,1,1,1,1,0,1,1,1,3,2,2,1,3,3,2,10,12,12,Math,81,0,1,1,1,1,2,3,0,0,11.333333333333334,Average
GP,M,15,U,GT3,T,2,3,other,other,home,mother,1,3,0,1,0,1,0,0,1,1,0,5,3,2,1,2,5,4,11,10,11,Math,82,0,1,1,1,1,2,2,1,1,10.666666666666666,Average
GP,F,15,U,LE3,T,3,2,services,other,reputation,mother,1,2,0,0,1,1,0,1,1,1,0,4,4,4,1,1,5,10,7,6,6,Math,83,0,0,1,0,1,3,2,3,1,6.333333333333333,At-Risk
GP,M,15,U,LE3,T,2,2,services,services,home,mother,2,2,0,0,0,1,1,1,1,1,0,5,3,3,1,3,4,4,15,15,15,Math,84,0,1,1,0,1,3,3,1,1,15.0,High
GP,F,15,U,GT3,T,1,1,other,other,home,father,1,2,0,0,1,0,1,0,1,1,0,4,3,2,2,3,4,2,9,10,10,Math,85,0,0,1,1,1,2,2,1,0,9.666666666666666,Average
GP,F,15,U,GT3,T,4,4,services,services,reputation,father,2,2,2,0,0,1,0,1,1,1,1,4,4,4,2,3,5,6,7,9,8,Math,86,0,0,1,1,1,3,3,3,0,8.0,At-Risk
GP,F,16,U,LE3,T,2,2,at_home,other,course,mother,1,2,0,0,1,0,0,1,1,0,0,4,3,4,1,2,2,4,8,7,6,Math,87,0,0,1,0,1,0,2,0,1,7.0,At-Risk
GP,F,15,U,GT3,T,4,2,other,other,reputation,mother,1,3,0,0,1,0,1,1,1,1,0,5,3,3,1,3,1,4,13,14,14,Math,88,0,0,1,1,1,2,2,3,1,13.666666666666666,Average
GP,M,16,U,GT3,T,2,2,services,other,reputation,father,2,2,1,0,0,1,1,0,1,1,0,4,4,2,1,1,3,12,11,10,10,Math,89,0,1,1,1,1,3,2,3,0,10.333333333333334,Average
GP,M,16,U,LE3,A,4,4,teacher,health,reputation,mother,1,2,0,0,1,0,0,1,1,0,0,4,1,3,3,5,5,18,8,6,7,Math,90,0,1,1,0,0,4,1,3,1,7.0,At-Risk
GP,F,16,U,GT3,T,3,3,other,other,home,mother,1,3,0,0,1,1,0,1,1,1,1,4,3,3,1,3,4,0,7,7,8,Math,91,0,0,1,1,1,2,2,1,1,7.333333333333333,At-Risk
GP,F,15,U,GT3,T,4,3,services,other,reputation,mother,1,1,0,0,0,1,1,1,1,1,0,4,5,5,1,3,1,4,16,17,18,Math,92,0,0,1,1,1,3,2,3,1,17.0,High
GP,F,16,U,LE3,T,3,1,other,other,home,father,1,2,0,1,1,0,0,1,1,0,0,3,3,3,2,3,2,4,7,6,6,Math,93,0,0,1,0,1,2,2,1,0,6.333333333333333,At-Risk
GP,F,16,U,GT3,T,4,2,teacher,services,home,mother,2,2,0,0,1,1,1,1,1,1,0,5,3,3,1,1,1,0,11,10,10,Math,94,0,0,1,1,1,4,3,1,1,10.333333333333334,Average
GP,M,15,U,LE3,T,2,2,services,health,reputation,mother,1,4,0,0,1,0,1,1,1,1,0,4,3,4,1,1,4,6,11,13,14,Math,95,0,1,1,0,1,3,1,3,1,12.666666666666666,Average
GP,F,15,R,GT3,T,1,1,at_home,other,home,mother,2,4,1,1,1,1,1,1,1,1,0,3,1,2,1,1,1,2,7,10,10,Math,96,0,0,0,1,1,0,2,1,1,9.0,Average
GP,M,16,R,GT3,T,4,3,services,other,reputation,mother,2,1,0,1,1,0,1,0,1,1,0,3,3,3,1,1,4,2,11,15,15,Math,97,0,1,0,1,1,3,2,3,1,13.666666666666666,High
GP,F,16,U,GT3,T,2,1,other,other,course,mother,1,2,0,0,1,1,0,1,1,0,1,4,3,5,1,1,5,2,8,9,10,Math,98,0,0,1,1,1,2,2,0,1,9.0,Average
GP,F,16,U,GT3,T,4,4,other,other,reputation,mother,1,1,0,0,0,0,1,0,1,1,0,5,3,4,1,2,1,6,11,14,14,Math,99,0,0,1,1,1,2,2,3,1,13.0,Average
GP,F,16,U,GT3,T,4,3,other,at_home,course,mother,1,3,0,1,1,1,0,1,1,1,0,5,3,5,1,1,3,0,7,9,8,Math,100,0,0,1,1,1,2,0,0,1,8.0,At-Risk
GP,M,16,U,GT3,T,4,4,services,services,other,mother,1,1,0,1,1,1,1,1,1,1,0,4,5,5,5,5,4,14,7,7,5,Math,101,0,1,1,1,1,3,3,2,1,6.333333333333333,At-Risk
GP,M,16,U,GT3,T,4,4,services,teacher,other,father,1,3,0,0,1,0,1,1,1,1,1,4,4,3,1,1,4,0,16,17,17,Math,102,0,1,1,1,1,3,4,2,0,16.666666666666668,High
GP,M,15,U,GT3,T,4,4,services,other,course,mother,1,1,0,0,1,0,1,0,1,1,0,5,3,3,1,1,5,4,10,13,14,Math,103,0,1,1,1,1,3,2,0,1,12.333333333333334,Average
GP,F,15,U,GT3,T,3,2,services,other,home,mother,2,2,0,1,1,1,0,1,1,1,0,4,3,5,1,1,2,26,7,6,6,Math,104,0,0,1,1,1,3,2,1,1,6.333333333333333,At-Risk
GP,M,15,U,GT3,A,3,4,services,other,course,mother,1,2,0,0,1,1,1,1,1,1,0,5,4,4,1,1,1,0,16,18,18,Math,105,0,1,1,1,0,3,2,0,1,17.333333333333332,High
GP,F,15,U,GT3,A,3,3,other,health,reputation,father,1,4,0,1,0,0,0,1,1,0,0,4,3,3,1,1,4,10,10,11,11,Math,106,0,0,1,1,0,2,1,3,0,10.666666666666666,Average
GP,F,15,U,GT3,T,2,2,other,other,course,mother,1,4,0,1,1,1,0,1,1,1,0,5,1,2,1,1,3,8,7,8,8,Math,107,0,0,1,1,1,2,2,0,1,7.666666666666667,At-Risk
GP,M,16,U,GT3,T,3,3,services,other,home,father,1,3,0,0,1,0,1,1,1,1,0,5,3,3,1,1,5,2,16,18,18,Math,108,0,1,1,1,1,3,2,1,0,17.333333333333332,High
GP,M,15,R,GT3,T,4,4,other,other,home,father,4,4,0,0,1,1,1,1,1,1,1,1,3,5,3,5,1,6,10,13,13,Math,109,0,1,0,1,1,2,2,1,0,12.0,Average
GP,F,16,U,LE3,T,4,4,health,health,other,mother,1,3,0,0,1,1,1,1,1,1,1,5,4,5,1,1,4,4,14,15,16,Math,110,0,0,1,0,1,1,1,2,1,15.0,High
GP,M,15,U,LE3,A,4,4,teacher,teacher,course,mother,1,1,0,0,0,0,1,1,1,1,0,5,5,3,1,1,4,6,18,19,19,Math,111,0,1,1,0,0,4,4,0,1,18.666666666666668,High
GP,F,16,R,GT3,T,3,3,services,other,reputation,father,1,3,1,1,1,0,1,1,1,1,0,4,1,2,1,1,2,0,7,10,10,Math,112,0,0,0,1,1,3,2,3,0,9.0,Average
GP,F,16,U,GT3,T,2,2,at_home,other,home,mother,1,2,1,1,0,0,1,1,1,1,0,3,1,2,1,1,5,6,10,13,13,Math,113,0,0,1,1,1,0,2,1,1,12.0,Average
GP,M,15,U,LE3,T,4,2,teacher,other,course,mother,1,1,0,0,0,0,0,1,1,1,0,3,5,2,1,1,3,10,18,19,19,Math,114,0,1,1,0,1,4,2,0,1,18.666666666666668,High
GP,M,15,R,GT3,T,2,1,health,services,reputation,mother,1,2,0,0,0,0,1,1,1,1,1,5,4,2,1,1,5,8,9,9,9,Math,115,0,1,0,1,1,1,3,3,1,9.0,At-Risk
GP,M,16,U,GT3,T,4,4,teacher,teacher,course,father,1,2,0,0,1,0,1,1,1,1,0,5,4,4,1,2,5,2,15,15,16,Math,116,0,1,1,1,1,4,4,0,0,15.333333333333334,High
GP,M,15,U,GT3,T,4,4,other,teacher,reputation,father,2,2,0,0,1,0,1,1,1,0,0,4,4,3,1,1,2,2,11,13,14,Math,117,0,1,1,1,1,2,4,3,0,12.666666666666666,Average
GP,M,16,U,GT3,T,3,3,other,services,home,father,2,1,0,0,0,0,1,1,1,1,0,5,4,2,1,1,5,0,13,14,13,Math,118,0,1,1,1,1,2,3,1,0,13.333333333333334,Average
GP,M,17,R,GT3,T,1,3,other,other,course,father,3,2,1,0,1,0,1,1,1,1,0,5,2,4,1,4,5,20,9,7,8,Math,119,0,1,0,1,1,2,2,0,0,8.0,At-Risk
GP,M,15,U,GT3,T,3,4,other,other,reputation,father,1,1,0,0,0,0,0,1,1,1,0,3,4,3,1,2,4,6,14,13,13,Math,120,0,1,1,1,1,2,2,3,0,13.333333333333334,Average
GP,F,15,U,GT3,T,1,2,at_home,services,course,mother,1,2,0,0,0,0,0,0,1,1,0,3,2,3,1,2,1,2,16,15,15,Math,121,0,0,1,1,1,0,3,0,1,15.333333333333334,High
GP,M,15,U,GT3,T,2,2,services,services,home,father,1,4,0,0,1,1,1,1,1,1,0,5,5,4,1,2,5,6,16,14,15,Math,122,0,1,1,1,1,3,3,1,0,15.0,High
GP,F,16,U,LE3,T,2,4,other,health,course,father,2,2,0,0,1,1,1,1,1,1,1,4,2,2,1,2,5,2,13,13,13,Math,123,0,0,1,0,1,2,1,0,0,13.0,Average
GP,M,16,U,GT3,T,4,4,health,other,course,mother,1,1,0,0,1,0,1,1,1,1,0,3,4,4,1,4,5,18,14,11,13,Math,124,0,1,1,1,1,1,2,0,1,12.666666666666666,Average
GP,F,16,U,GT3,T,2,2,other,other,home,mother,1,2,0,0,0,1,0,1,1,1,1,5,4,4,1,1,5,0,8,7,8,Math,125,0,0,1,1,1,2,2,1,1,7.666666666666667,At-Risk
GP,M,15,U,GT3,T,3,4,services,services,home,father,1,1,0,1,0,0,0,1,1,1,0,5,5,5,3,2,5,0,13,13,12,Math,126,0,1,1,1,1,3,3,1,0,12.666666666666666,Average
GP,F,15,U,LE3,A,3,4,other,other,home,mother,1,2,0,1,0,0,1,1,1,1,1,5,3,2,1,1,1,0,7,10,11,Math,127,0,0,1,0,0,2,2,1,1,9.333333333333334,Average
GP,F,19,U,GT3,T,0,1,at_home,other,course,other,1,2,3,0,1,0,0,0,0,0,0,3,4,2,1,1,5,2,7,8,9,Math,128,0,0,1,1,1,0,2,0,2,8.0,At-Risk
GP,M,18,R,GT3,T,2,2,services,other,reputation,mother,1,1,2,0,1,0,1,1,1,1,0,3,3,3,1,2,4,0,7,4,0,Math,129,0,1,0,1,1,3,2,3,1,3.6666666666666665,At-Risk
GP,M,16,R,GT3,T,4,4,teacher,teacher,course,mother,1,1,0,0,0,1,1,1,1,1,0,3,5,5,2,5,4,8,18,18,18,Math,130,0,1,0,1,1,4,4,0,1,18.0,High
GP,F,15,R,GT3,T,3,4,services,teacher,course,father,2,3,2,0,1,0,0,1,1,1,1,4,2,2,2,2,5,0,12,0,0,Math,131,0,0,0,1,1,3,4,0,0,4.0,At-Risk
GP,F,15,U,GT3,T,1,1,at_home,other,course,mother,3,1,0,0,1,0,1,0,1,1,1,4,3,3,1,2,4,0,8,0,0,Math,132,0,0,1,1,1,0,2,0,1,2.6666666666666665,At-Risk
GP,F,17,U,LE3,T,2,2,other,other,course,father,1,1,0,0,1,0,0,1,1,1,1,3,4,4,1,3,5,12,10,13,12,Math,133,0,0,1,0,1,2,2,0,0,11.666666666666666,Average
GP,F,16,U,GT3,A,3,4,services,other,course,father,1,1,0,0,0,0,0,1,1,1,0,3,2,1,1,4,5,16,12,11,11,Math,134,0,0,1,1,0,3,2,0,0,11.333333333333334,Average
GP,M,15,R,GT3,T,3,4,at_home,teacher,course,mother,4,2,0,0,1,0,0,1,1,0,1,5,3,3,1,1,5,0,9,0,0,Math,135,0,1,0,1,1,0,4,0,1,3.0,At-Risk
GP,F,15,U,GT3,T,4,4,services,at_home,course,mother,1,3,0,0,1,0,1,1,1,1,1,4,3,3,1,1,5,0,11,0,0,Math,136,0,0,1,1,1,3,0,0,1,3.6666666666666665,At-Risk
GP,M,17,R,GT3,T,3,4,at_home,other,course,mother,3,2,0,0,0,0,0,1,1,0,0,5,4,5,2,4,5,0,10,0,0,Math,137,0,1,0,1,1,0,2,0,1,3.3333333333333335,At-Risk
GP,F,16,U,GT3,A,3,3,other,other,course,other,2,1,2,0,1,0,1,0,1,1,1,4,3,2,1,1,5,0,4,0,0,Math,138,0,0,1,1,0,2,2,0,2,1.3333333333333333,At-Risk
GP,M,16,U,LE3,T,1,1,services,other,course,mother,1,2,1,0,0,0,0,1,1,0,1,4,4,4,1,3,5,0,14,12,12,Math,139,0,1,1,0,1,3,2,0,1,12.666666666666666,Average
GP,F,15,U,GT3,T,4,4,teacher,teacher,course,mother,2,1,0,0,0,0,1,1,1,1,0,4,3,2,1,1,5,0,16,16,15,Math,140,0,0,1,1,1,4,4,0,1,15.666666666666666,High
GP,M,15,U,GT3,T,4,3,teacher,services,course,father,2,4,0,1,1,0,0,1,1,1,0,2,2,2,1,1,3,0,7,9,0,Math,141,0,1,1,1,1,4,3,0,0,5.333333333333333,At-Risk
GP,M,16,U,LE3,T,2,2,services,services,reputation,father,2,1,2,0,1,0,1,1,1,1,0,2,3,3,2,2,2,8,9,9,9,Math,142,0,1,1,0,1,3,3,3,0,9.0,At-Risk
GP,F,15,U,GT3,T,4,4,teacher,services,course,mother,1,3,0,0,1,1,1,1,1,1,0,4,2,2,1,1,5,2,9,11,11,Math,143,0,0,1,1,1,4,3,0,1,10.333333333333334,Average
GP,F,16,U,LE3,T,1,1,at_home,at_home,course,mother,1,1,0,0,0,0,0,1,1,1,0,3,4,4,3,3,1,2,14,14,13,Math,144,0,0,1,0,1,0,0,0,1,13.666666666666666,Average
GP,M,17,U,GT3,T,2,1,other,other,home,mother,1,1,3,0,1,0,0,1,1,1,0,5,4,5,1,2,5,0,5,0,0,Math,145,0,1,1,1,1,2,2,1,1,1.6666666666666667,At-Risk
GP,F,15,U,GT3,T,1,1,other,services,course,father,1,2,0,0,1,1,0,1,1,1,0,4,4,2,1,2,5,0,8,11,11,Math,146,0,0,1,1,1,2,3,0,0,10.0,Average
GP,F,15,U,GT3,T,3,2,health,services,home,father,1,2,3,0,1,0,0,1,1,1,0,3,3,2,1,1,3,0,6,7,0,Math,147,0,0,1,1,1,1,3,1,0,4.333333333333333,At-Risk
GP,F,15,U,GT3,T,1,2,at_home,other,course,mother,1,2,0,0,1,1,0,0,1,1,0,4,3,2,1,1,5,2,10,11,11,Math,148,0,0,1,1,1,0,2,0,1,10.666666666666666,Average
GP,M,16,U,GT3,T,4,4,teacher,teacher,course,mother,1,1,0,0,1,0,0,1,0,1,1,3,3,2,2,1,5,0,7,6,0,Math,149,0,1,1,1,1,4,4,0,1,4.333333333333333,At-Risk
GP,M,15,U,LE3,A,2,1,services,other,course,mother,4,1,3,0,0,0,0,1,1,1,0,4,5,5,2,5,5,0,8,9,10,Math,150,0,1,1,0,0,3,2,0,1,9.0,Average
GP,M,18,U,LE3,T,1,1,other,other,course,mother,1,1,3,0,0,0,0,1,0,1,1,2,3,5,2,5,4,0,6,5,0,Math,151,0,1,1,0,1,2,2,0,1,3.6666666666666665,At-Risk
GP,M,16,U,LE3,T,2,1,at_home,other,course,mother,1,1,1,0,0,0,1,1,1,0,1,4,4,4,3,5,5,6,12,13,14,Math,152,0,1,1,0,1,0,2,0,1,13.0,Average
GP,F,15,R,GT3,T,3,3,services,services,reputation,other,2,3,2,0,1,1,1,1,1,1,1,4,2,1,2,3,3,8,10,10,10,Math,153,0,0,0,1,1,3,3,3,2,10.0,Average
GP,M,19,U,GT3,T,3,2,services,at_home,home,mother,1,1,3,0,1,0,0,1,0,1,1,4,5,4,1,1,4,0,5,0,0,Math,154,0,1,1,1,1,3,0,1,1,1.6666666666666667,At-Risk
GP,F,17,U,GT3,T,4,4,other,teacher,course,mother,1,1,0,1,1,0,0,1,1,0,1,4,2,1,1,1,4,0,11,11,12,Math,155,0,0,1,1,1,2,4,0,1,11.333333333333334,Average
GP,M,15,R,GT3,T,2,3,at_home,services,course,mother,1,2,0,1,0,1,1,1,1,0,0,4,4,4,1,1,1,2,11,8,8,Math,156,0,1,0,1,1,0,3,0,1,9.0,At-Risk
GP,M,17,R,LE3,T,1,2,other,other,reputation,mother,1,1,0,0,0,0,0,1,1,0,0,2,2,2,3,3,5,8,16,12,13,Math,157,0,1,0,0,1,2,2,3,1,13.666666666666666,Average
GP,F,18,R,GT3,T,1,1,at_home,other,course,mother,3,1,3,0,1,0,1,0,1,0,0,5,2,5,1,5,4,6,9,8,10,Math,158,0,0,0,1,1,0,2,0,1,9.0,Average
GP,M,16,R,GT3,T,2,2,at_home,other,course,mother,3,1,0,0,0,0,0,0,1,0,0,4,2,2,1,2,3,2,17,15,15,Math,159,0,1,0,1,1,0,2,0,1,15.666666666666666,High
GP,M,16,U,GT3,T,3,3,other,services,course,father,1,2,1,0,1,1,0,1,1,1,1,4,5,5,4,4,5,4,10,12,12,Math,160,0,1,1,1,1,2,3,0,0,11.333333333333334,Average
GP,M,17,R,LE3,T,2,1,at_home,other,course,mother,2,1,2,0,0,0,1,1,0,1,1,3,3,2,2,2,5,0,7,6,0,Math,161,0,1,0,0,1,0,2,0,1,4.333333333333333,At-Risk
GP,M,15,R,GT3,T,3,2,other,other,course,mother,2,2,2,1,1,0,0,1,1,1,1,4,4,4,1,4,3,6,5,9,7,Math,162,0,1,0,1,1,2,2,0,1,7.0,At-Risk
GP,M,16,U,LE3,T,1,2,other,other,course,mother,2,1,1,0,0,0,1,1,1,0,0,4,4,4,2,4,5,0,7,0,0,Math,163,0,1,1,0,1,2,2,0,1,2.3333333333333335,At-Risk
GP,M,17,U,GT3,T,1,3,at_home,services,course,father,1,1,0,0,0,0,0,1,0,1,0,5,3,3,1,4,2,2,10,10,10,Math,164,0,1,1,1,1,0,3,0,0,10.0,Average
GP,M,17,R,LE3,T,1,1,other,services,course,mother,4,2,3,0,0,0,1,1,0,0,1,5,3,5,1,5,5,0,5,8,7,Math,165,0,1,0,0,1,2,3,0,1,6.666666666666667,At-Risk
GP,M,16,U,GT3,T,3,2,services,services,course,mother,2,1,1,0,1,0,1,0,0,0,0,4,5,2,1,1,2,16,12,11,12,Math,166,0,1,1,1,1,3,3,0,1,11.666666666666666,Average
GP,M,16,U,GT3,T,2,2,other,other,course,father,1,2,0,0,0,0,0,1,0,1,0,4,3,5,2,4,4,4,10,10,10,Math,167,0,1,1,1,1,2,2,0,0,10.0,Average
GP,F,16,U,GT3,T,4,2,health,services,home,father,1,2,0,0,0,1,0,1,1,1,1,4,2,3,1,1,3,0,14,15,16,Math,168,0,0,1,1,1,1,3,1,0,15.0,High
GP,F,16,U,GT3,T,2,2,other,other,home,mother,1,2,0,0,1,1,0,0,1,1,0,5,1,5,1,1,4,0,6,7,0,Math,169,0,0,1,1,1,2,2,1,1,4.333333333333333,At-Risk
GP,F,16,U,GT3,T,4,4,health,health,reputation,mother,1,2,0,0,1,1,0,1,1,1,1,4,4,2,1,1,3,0,14,14,14,Math,170,0,0,1,1,1,1,1,3,1,14.0,Average
GP,M,16,U,GT3,T,3,4,other,other,course,father,3,1,2,0,1,0,1,0,1,1,0,3,4,5,2,4,2,0,6,5,0,Math,171,0,1,1,1,1,2,2,0,0,3.6666666666666665,At-Risk
GP,M,16,U,GT3,T,1,0,other,other,reputation,mother,2,2,0,0,1,1,1,1,1,1,1,4,3,2,1,1,3,2,13,15,16,Math,172,0,1,1,1,1,2,2,3,1,14.666666666666666,High
GP,M,17,U,LE3,T,4,4,teacher,other,reputation,mother,1,2,0,0,1,1,1,1,1,1,0,4,4,4,1,3,5,0,13,11,10,Math,173,0,1,1,0,1,4,2,3,1,11.333333333333334,Average
GP,F,16,U,GT3,T,1,3,at_home,services,home,mother,1,2,3,0,0,0,1,0,1,1,1,4,3,5,1,1,3,0,8,7,0,Math,174,0,0,1,1,1,0,3,1,1,5.0,At-Risk
GP,F,16,U,LE3,T,3,3,other,other,reputation,mother,2,2,0,0,1,1,1,1,1,1,0,4,4,5,1,1,4,4,10,11,9,Math,175,0,0,1,0,1,2,2,3,1,10.0,At-Risk
GP,M,17,U,LE3,T,4,3,teacher,other,course,mother,2,2,0,0,0,1,1,1,1,1,0,4,4,4,4,4,4,4,10,9,9,Math,176,0,1,1,0,1,4,2,0,1,9.333333333333334,At-Risk
GP,F,16,U,GT3,T,2,2,services,other,reputation,mother,2,2,0,0,0,1,1,0,1,1,0,3,4,4,1,4,5,2,13,13,11,Math,177,0,0,1,1,1,3,2,3,1,12.333333333333334,Average
GP,M,17,U,GT3,T,3,3,other,other,reputation,father,1,2,0,0,0,0,1,0,1,1,0,4,3,4,1,4,4,4,6,5,6,Math,178,0,1,1,1,1,2,2,3,0,5.666666666666667,At-Risk
GP,M,16,R,GT3,T,4,2,teacher,services,other,mother,1,1,0,0,1,0,1,1,1,1,1,4,3,3,3,4,3,10,10,8,9,Math,179,0,1,0,1,1,4,3,2,1,9.0,At-Risk
GP,M,17,U,GT3,T,4,3,other,other,course,mother,1,2,0,0,1,0,1,1,1,1,1,5,2,3,1,1,2,4,10,10,11,Math,180,0,1,1,1,1,2,2,0,1,10.333333333333334,Average
GP,M,16,U,GT3,T,4,3,teacher,other,home,mother,1,2,0,0,1,1,1,1,1,1,0,3,4,3,2,3,3,10,9,8,8,Math,181,0,1,1,1,1,4,2,1,1,8.333333333333334,At-Risk
GP,M,16,U,GT3,T,3,3,services,other,home,mother,1,2,0,0,0,1,1,1,1,1,1,4,2,3,1,2,3,2,12,13,12,Math,182,0,1,1,1,1,3,2,1,1,12.333333333333334,Average
GP,F,17,U,GT3,T,2,4,services,services,reputation,father,1,2,0,0,1,0,1,1,1,0,0,5,4,2,2,3,5,0,16,17,17,Math,183,0,0,1,1,1,3,3,3,0,16.666666666666668,High
GP,F,17,U,LE3,T,3,3,other,other,reputation,mother,1,2,0,0,1,0,1,1,1,1,1,5,3,3,2,3,1,56,9,9,8,Math,184,0,0,1,0,1,2,2,3,1,8.666666666666666,At-Risk
GP,F,16,U,GT3,T,3,2,other,other,reputation,mother,1,2,0,0,1,1,0,1,1,1,0,1,2,2,1,2,1,14,12,13,12,Math,185,0,0,1,1,1,2,2,3,1,12.333333333333334,Average
GP,M,17,U,GT3,T,3,3,services,services,other,mother,1,2,0,0,1,0,1,1,1,1,1,4,3,4,2,3,4,12,12,12,11,Math,186,0,1,1,1,1,3,3,2,1,11.666666666666666,Average
GP,M,16,U,GT3,T,1,2,services,services,other,mother,1,1,0,0,1,1,1,1,1,1,1,3,3,3,1,2,3,2,11,12,11,Math,187,0,1,1,1,1,3,3,2,1,11.333333333333334,Average
GP,M,16,U,LE3,T,2,1,other,other,course,mother,1,2,0,0,0,1,1,1,1,1,1,4,2,3,1,2,5,0,15,15,15,Math,188,0,1,1,0,1,2,2,0,1,15.0,High
GP,F,17,U,GT3,A,3,3,health,other,reputation,mother,1,2,0,0,1,0,0,0,1,1,1,3,3,3,1,3,3,6,8,7,9,Math,189,0,0,1,1,0,1,2,3,1,8.0,At-Risk
GP,M,17,R,GT3,T,1,2,at_home,other,home,mother,1,2,0,0,0,0,0,1,1,0,0,3,1,3,1,5,3,4,8,9,10,Math,190,0,1,0,1,1,0,2,1,1,9.0,Average
GP,F,16,U,GT3,T,2,3,services,services,course,mother,1,2,0,0,0,0,0,1,1,1,0,4,3,3,1,1,2,10,11,12,13,Math,191,0,0,1,1,1,3,3,0,1,12.0,Average
GP,F,17,U,GT3,T,1,1,at_home,services,course,mother,1,2,0,0,0,0,1,1,1,1,0,5,3,3,1,1,3,0,8,8,9,Math,192,0,0,1,1,1,0,3,0,1,8.333333333333334,At-Risk
GP,M,17,U,GT3,T,1,2,at_home,services,other,other,2,2,0,0,0,1,1,0,1,1,0,4,4,4,4,5,5,12,7,8,8,Math,193,0,1,1,1,1,0,3,2,2,7.666666666666667,At-Risk
GP,M,16,R,GT3,T,3,3,services,services,reputation,mother,1,1,0,0,1,0,1,1,1,1,0,4,3,2,3,4,5,8,8,9,10,Math,194,0,1,0,1,1,3,3,3,1,9.0,Average
GP,M,16,U,GT3,T,2,3,other,other,home,father,2,1,0,0,0,0,0,1,1,1,0,5,3,3,1,1,3,0,13,14,14,Math,195,0,1,1,1,1,2,2,1,0,13.666666666666666,Average
GP,F,17,U,LE3,T,2,4,services,services,course,father,1,2,0,0,0,0,1,1,1,1,1,4,3,2,1,1,5,0,14,15,15,Math,196,0,0,1,0,1,3,3,0,0,14.666666666666666,High
GP,M,17,U,GT3,T,4,4,services,teacher,home,mother,1,1,0,0,0,0,0,1,1,1,0,5,2,3,1,2,5,4,17,15,16,Math,197,0,1,1,1,1,3,4,1,1,16.0,High
GP,M,16,R,LE3,T,3,3,teacher,other,home,father,3,1,0,0,1,1,1,1,1,1,0,3,3,4,3,5,3,8,9,9,10,Math,198,0,1,0,0,1,4,2,1,0,9.333333333333334,Average
GP,F,17,U,GT3,T,4,4,services,teacher,home,mother,2,1,1,0,1,0,0,1,1,1,0,4,2,4,2,3,2,24,18,18,18,Math,199,0,0,1,1,1,3,4,1,1,18.0,High
GP,F,16,U,LE3,T,4,4,teacher,teacher,reputation,mother,1,2,0,0,1,1,0,1,1,1,0,4,5,2,1,2,3,0,9,9,10,Math,200,0,0,1,0,1,4,4,3,1,9.333333333333334,Average
GP,F,16,U,GT3,T,4,3,health,other,home,mother,1,2,0,0,1,0,1,1,1,1,0,4,3,5,1,5,2,2,16,16,16,Math,201,0,0,1,1,1,1,2,1,1,16.0,High
GP,F,16,U,GT3,T,2,3,other,other,reputation,mother,1,2,0,1,1,1,1,1,1,0,0,4,4,3,1,3,4,6,8,10,10,Math,202,0,0,1,1,1,2,2,3,1,9.333333333333334,Average
GP,F,17,U,GT3,T,1,1,other,other,course,mother,1,2,0,0,1,1,0,0,1,0,0,4,4,4,1,3,1,4,9,9,10,Math,203,0,0,1,1,1,2,2,0,1,9.333333333333334,Average
GP,F,17,R,GT3,T,2,2,other,other,reputation,mother,1,1,0,0,1,0,0,1,1,1,0,5,3,2,1,2,3,18,7,6,6,Math,204,0,0,0,1,1,2,2,3,1,6.333333333333333,At-Risk
GP,F,16,R,GT3,T,2,2,services,services,reputation,mother,2,4,0,0,1,1,1,0,1,1,0,5,3,5,1,1,5,6,10,10,11,Math,205,0,0,0,1,1,3,3,3,1,10.333333333333334,Average
GP,F,17,U,GT3,T,3,4,at_home,services,home,mother,1,3,1,0,1,1,0,1,1,1,1,4,4,3,3,4,5,28,10,9,9,Math,206,0,0,1,1,1,0,3,1,1,9.333333333333334,At-Risk
GP,F,16,U,GT3,A,3,1,services,other,course,mother,1,2,3,0,1,1,0,1,1,1,0,2,3,3,2,2,4,5,7,7,7,Math,207,0,0,1,1,0,3,2,0,1,7.0,At-Risk
GP,F,16,U,GT3,T,4,3,teacher,other,other,mother,1,2,0,0,0,1,1,1,1,1,1,1,3,2,1,1,1,10,11,12,13,Math,208,0,0,1,1,1,4,2,2,1,12.0,Average
GP,F,16,U,GT3,T,1,1,at_home,other,home,mother,2,1,0,0,1,1,0,1,1,0,0,4,3,2,1,4,5,6,9,9,10,Math,209,0,0,1,1,1,0,2,1,1,9.333333333333334,Average
GP,F,17,R,GT3,T,4,3,teacher,other,reputation,mother,2,3,0,0,1,1,1,1,1,1,1,4,4,2,1,1,4,6,7,7,7,Math,210,0,0,0,1,1,4,2,3,1,7.0,At-Risk
GP,F,19,U,GT3,T,3,3,other,other,reputation,other,1,4,0,0,1,1,1,1,1,1,0,4,3,3,1,2,3,10,8,8,8,Math,211,0,0,1,1,1,2,2,3,2,8.0,At-Risk
GP,M,17,U,LE3,T,4,4,services,other,home,mother,1,2,0,0,1,1,0,1,1,1,1,5,3,5,4,5,3,13,12,12,13,Math,212,0,1,1,0,1,3,2,1,1,12.333333333333334,Average
GP,F,16,U,GT3,A,2,2,other,other,reputation,mother,1,2,0,1,1,1,0,1,1,1,0,3,3,4,1,1,4,0,12,13,14,Math,213,0,0,1,1,0,2,2,3,1,13.0,Average
GP,M,18,U,GT3,T,2,2,services,other,home,mother,1,2,1,0,1,1,1,1,1,1,0,4,4,4,2,4,5,15,6,7,8,Math,214,0,1,1,1,1,3,2,1,1,7.0,At-Risk
GP,F,17,R,LE3,T,4,4,services,other,other,mother,1,1,0,0,1,1,0,1,1,0,0,5,2,1,1,2,3,12,8,10,10,Math,215,0,0,0,0,1,3,2,2,1,9.333333333333334,Average
GP,F,17,U,LE3,T,3,2,other,other,reputation,mother,2,2,0,0,0,1,0,1,1,1,0,4,4,4,1,3,1,2,14,15,15,Math,216,0,0,1,0,1,2,2,3,1,14.666666666666666,High
GP,F,17,U,GT3,T,4,3,other,other,reputation,mother,1,2,2,0,0,1,0,1,1,1,1,3,4,5,2,4,1,22,6,6,4,Math,217,0,0,1,1,1,2,2,3,1,5.333333333333333,At-Risk
GP,M,18,U,LE3,T,3,3,services,health,home,father,1,2,1,0,1,1,0,1,1,1,0,3,2,4,2,4,4,13,6,6,8,Math,218,0,1,1,0,1,3,1,1,0,6.666666666666667,At-Risk
GP,F,17,U,GT3,T,2,3,at_home,other,home,father,2,1,0,0,1,1,0,1,1,0,0,3,3,3,1,4,3,3,7,7,8,Math,219,0,0,1,1,1,0,2,1,0,7.333333333333333,At-Risk
GP,F,17,U,GT3,T,2,2,at_home,at_home,course,mother,1,3,0,0,1,1,1,1,1,1,0,4,3,3,1,1,4,4,9,10,10,Math,220,0,0,1,1,1,0,0,0,1,9.666666666666666,Average
GP,F,17,R,GT3,T,2,1,at_home,services,reputation,mother,2,2,0,0,1,0,1,1,1,1,0,4,2,5,1,2,5,2,6,6,6,Math,221,0,0,0,1,1,0,3,3,1,6.0,At-Risk
GP,F,17,U,GT3,T,1,1,at_home,other,reputation,mother,1,3,1,0,1,0,1,1,1,0,1,4,3,4,1,1,5,0,6,5,0,Math,222,0,0,1,1,1,0,2,3,1,3.6666666666666665,At-Risk
GP,F,16,U,GT3,T,2,3,services,teacher,other,mother,1,2,0,1,0,0,0,1,1,1,0,2,3,1,1,1,3,2,16,16,17,Math,223,0,0,1,1,1,3,4,2,1,16.333333333333332,High
GP,M,18,U,GT3,T,2,2,other,other,home,mother,2,2,0,0,1,1,0,1,1,1,0,3,3,3,5,5,4,0,12,13,13,Math,224,0,1,1,1,1,2,2,1,1,12.666666666666666,Average
GP,F,16,U,GT3,T,4,4,teacher,services,home,mother,1,3,0,0,1,0,1,0,1,1,0,5,3,2,1,1,5,0,13,13,14,Math,225,0,0,1,1,1,4,3,1,1,13.333333333333334,Average
GP,F,18,R,GT3,T,3,1,other,other,reputation,mother,1,2,1,0,0,0,1,1,1,1,1,5,3,3,1,1,4,16,9,8,7,Math,226,0,0,0,1,1,2,2,3,1,8.0,At-Risk
GP,F,17,U,GT3,T,3,2,other,other,course,mother,1,2,0,0,0,0,1,0,1,1,0,5,3,4,1,3,3,10,16,15,15,Math,227,0,0,1,1,1,2,2,0,1,15.333333333333334,High
GP,M,17,U,LE3,T,2,3,services,services,reputation,father,1,2,0,0,1,1,0,0,1,1,0,5,3,3,1,3,3,2,12,11,12,Math,228,0,1,1,0,1,3,3,3,0,11.666666666666666,Average
GP,M,18,U,LE3,T,2,1,at_home,other,course,mother,4,2,0,1,1,1,1,1,1,1,1,4,3,2,4,5,3,14,10,8,9,Math,229,0,1,1,0,1,0,2,0,1,9.0,At-Risk
GP,F,17,U,GT3,A,2,1,other,other,course,mother,2,3,0,0,0,0,1,1,1,1,1,3,2,3,1,2,3,10,12,10,12,Math,230,0,0,1,1,0,2,2,0,1,11.333333333333334,Average
GP,F,17,U,LE3,T,4,3,health,other,reputation,father,1,2,0,0,0,0,1,1,1,1,1,3,2,3,1,2,3,14,13,13,14,Math,231,0,0,1,0,1,1,2,3,0,13.333333333333334,Average
GP,M,17,R,GT3,T,2,2,other,other,course,father,2,2,0,0,1,1,1,1,1,1,0,4,5,2,1,1,1,4,11,11,11,Math,232,0,1,0,1,1,2,2,0,0,11.0,Average
GP,M,17,U,GT3,T,4,4,teacher,teacher,reputation,mother,1,2,0,1,1,0,1,1,1,1,1,4,5,5,1,3,2,14,11,9,9,Math,233,0,1,1,1,1,4,4,3,1,9.666666666666666,At-Risk
GP,M,16,U,GT3,T,4,4,health,other,reputation,father,1,2,0,0,1,1,1,1,1,1,0,4,2,4,2,4,1,2,14,13,13,Math,234,0,1,1,1,1,1,2,3,0,13.333333333333334,Average
GP,M,16,U,LE3,T,1,1,other,other,home,mother,2,2,0,0,1,1,0,1,1,1,0,3,4,2,1,1,5,18,9,7,6,Math,235,0,1,1,0,1,2,2,1,1,7.333333333333333,At-Risk
GP,M,16,U,GT3,T,3,2,at_home,other,reputation,mother,2,3,0,0,0,0,1,1,1,1,1,5,3,3,1,3,2,10,11,9,10,Math,236,0,1,1,1,1,0,2,3,1,10.0,Average
GP,M,17,U,LE3,T,2,2,other,other,home,father,1,2,0,0,0,1,1,0,1,1,1,4,4,2,5,5,4,4,14,13,13,Math,237,0,1,1,0,1,2,2,1,0,13.333333333333334,Average
GP,F,16,U,GT3,T,2,1,other,other,home,mother,1,1,0,0,0,0,0,1,1,1,1,4,5,2,1,1,5,20,13,12,12,Math,238,0,0,1,1,1,2,2,1,1,12.333333333333334,Average
GP,F,17,R,GT3,T,2,1,at_home,services,course,mother,3,2,0,0,0,0,1,1,1,0,0,2,1,1,1,1,3,2,13,11,11,Math,239,0,0,0,1,1,0,3,0,1,11.666666666666666,Average
GP,M,18,U,GT3,T,2,2,other,services,reputation,father,1,2,1,0,0,0,0,1,0,1,0,5,5,4,3,5,2,0,7,7,0,Math,240,0,1,1,1,1,2,3,3,0,4.666666666666667,At-Risk
GP,M,17,U,LE3,T,4,3,health,other,course,mother,2,2,0,0,0,0,1,1,1,1,1,2,5,5,1,4,5,14,12,12,12,Math,241,0,1,1,0,1,1,2,0,1,12.0,Average
GP,M,17,R,LE3,A,4,4,teacher,other,course,mother,2,2,0,0,1,1,0,1,1,1,0,3,3,3,2,3,4,2,10,11,12,Math,242,0,1,0,0,0,4,2,0,1,11.0,Average
GP,M,16,U,LE3,T,4,3,teacher,other,course,mother,1,1,0,0,0,0,1,0,1,1,0,5,4,5,1,1,3,0,6,0,0,Math,243,0,1,1,0,1,4,2,0,1,2.0,At-Risk
GP,M,16,U,GT3,T,4,4,services,services,course,mother,1,1,0,0,0,0,1,1,1,1,0,5,3,2,1,2,5,0,13,12,12,Math,244,0,1,1,1,1,3,3,0,1,12.333333333333334,Average
GP,F,18,U,GT3,T,2,1,other,other,course,other,2,3,0,0,1,1,0,0,1,1,1,4,4,4,1,1,3,0,7,0,0,Math,245,0,0,1,1,1,2,2,0,2,2.3333333333333335,At-Risk
GP,M,16,U,GT3,T,2,1,other,other,course,mother,3,1,0,0,0,0,0,1,1,1,0,4,3,3,1,1,4,6,18,18,18,Math,246,0,1,1,1,1,2,2,0,1,18.0,High
GP,M,17,U,GT3,T,2,3,other,other,course,father,2,1,0,0,0,0,0,1,1,1,0,5,2,2,1,1,2,4,12,12,13,Math,247,0,1,1,1,1,2,2,0,0,12.333333333333334,Average
GP,M,22,U,GT3,T,3,1,services,services,other,mother,1,1,3,0,0,0,0,0,0,1,1,5,4,5,5,5,1,16,6,8,8,Math,248,0,1,1,1,1,3,3,2,1,7.333333333333333,At-Risk
GP,M,18,R,LE3,T,3,3,other,services,course,mother,1,2,1,0,1,0,0,1,1,1,1,4,3,3,1,3,5,8,3,5,5,Math,249,0,1,0,0,1,2,3,0,1,4.333333333333333,At-Risk
GP,M,16,U,GT3,T,0,2,other,other,other,mother,1,1,0,0,0,1,0,0,1,1,0,4,3,2,2,4,5,0,13,15,15,Math,250,0,1,1,1,1,2,2,2,1,14.333333333333334,High
GP,M,18,U,GT3,T,3,2,services,other,course,mother,2,1,1,0,0,0,0,1,0,1,0,4,4,5,2,4,5,0,6,8,8,Math,251,0,1,1,1,1,3,2,0,1,7.333333333333333,At-Risk
GP,M,16,U,GT3,T,3,3,at_home,other,reputation,other,3,2,0,1,1,0,0,0,1,1,0,5,3,3,1,3,2,6,7,10,10,Math,252,0,1,1,1,1,0,2,3,2,9.0,Average
GP,M,18,U,GT3,T,2,1,services,services,other,mother,1,1,1,0,0,0,0,0,0,1,0,3,2,5,2,5,5,4,6,9,8,Math,253,0,1,1,1,1,3,3,2,1,7.666666666666667,At-Risk
GP,M,16,R,GT3,T,2,1,other,other,course,mother,2,1,0,0,0,0,1,0,1,0,0,3,3,2,1,3,3,0,8,9,8,Math,254,0,1,0,1,1,2,2,0,1,8.333333333333334,At-Risk
GP,M,17,R,GT3,T,2,1,other,other,course,mother,1,1,0,0,0,0,0,0,1,1,0,4,4,2,2,4,5,0,8,12,12,Math,255,0,1,0,1,1,2,2,0,1,10.666666666666666,Average
GP,M,17,U,LE3,T,1,1,health,other,course,mother,2,1,1,0,1,0,1,1,1,1,0,4,4,4,1,2,5,2,7,9,8,Math,256,0,1,1,0,1,1,2,0,1,8.0,At-Risk
GP,F,17,U,LE3,T,4,2,teacher,services,reputation,mother,1,4,0,0,1,1,1,1,1,1,0,4,2,3,1,1,4,6,14,12,13,Math,257,0,0,1,0,1,4,3,3,1,13.0,Average
GP,M,19,U,LE3,A,4,3,services,at_home,reputation,mother,1,2,0,0,1,0,0,1,1,1,0,4,3,1,1,1,1,12,11,11,11,Math,258,0,1,1,0,0,3,0,3,1,11.0,Average
GP,M,18,U,GT3,T,2,1,other,other,home,mother,1,2,0,0,0,0,1,1,1,1,0,5,2,4,1,2,4,8,15,14,14,Math,259,0,1,1,1,1,2,2,1,1,14.333333333333334,Average
GP,F,17,U,LE3,T,2,2,services,services,course,father,1,4,0,0,0,1,1,1,1,1,1,3,4,1,1,1,2,0,10,9,0,Math,260,0,0,1,0,1,3,3,0,0,6.333333333333333,At-Risk
GP,F,18,U,GT3,T,4,3,services,other,home,father,1,2,0,0,1,1,0,1,1,1,1,3,1,2,1,3,2,21,17,18,18,Math,261,0,0,1,1,1,3,2,1,0,17.666666666666668,High
GP,M,18,U,GT3,T,4,3,teacher,other,course,mother,1,2,0,0,1,1,0,0,1,1,0,4,3,2,1,1,3,2,8,8,8,Math,262,0,1,1,1,1,4,2,0,1,8.0,At-Risk
GP,M,18,R,GT3,T,3,2,other,other,course,mother,1,3,0,0,0,0,1,0,1,0,0,5,3,2,1,1,3,1,13,12,12,Math,263,0,1,0,1,1,2,2,0,1,12.333333333333334,Average
GP,F,17,U,GT3,T,3,3,other,other,home,mother,1,3,0,0,0,0,1,0,1,0,0,3,2,3,1,1,4,4,10,9,9,Math,264,0,0,1,1,1,2,2,1,1,9.333333333333334,At-Risk
GP,F,18,U,GT3,T,2,2,at_home,services,home,mother,1,3,0,0,1,1,1,1,1,1,1,4,3,3,1,1,3,0,9,10,0,Math,265,0,0,1,1,1,0,3,1,1,6.333333333333333,At-Risk
GP,M,18,R,LE3,A,3,4,other,other,reputation,mother,2,2,0,0,1,1,1,1,1,1,0,4,2,5,3,4,1,13,17,17,17,Math,266,0,1,0,0,0,2,2,3,1,17.0,High
GP,M,17,U,GT3,T,3,1,services,other,other,mother,1,2,0,0,0,1,1,1,1,1,1,5,4,4,3,4,5,2,9,9,10,Math,267,0,1,1,1,1,3,2,2,1,9.333333333333334,Average
GP,F,18,R,GT3,T,4,4,teacher,other,reputation,mother,2,2,0,0,0,1,1,1,1,1,0,4,3,4,2,2,4,8,12,10,11,Math,268,0,0,0,1,1,4,2,3,1,11.0,Average
GP,M,18,U,GT3,T,4,2,health,other,reputation,father,1,2,0,0,1,1,1,1,1,1,1,5,4,5,1,3,5,10,10,9,10,Math,269,0,1,1,1,1,1,2,3,0,9.666666666666666,Average
GP,F,18,R,GT3,T,2,1,other,other,reputation,mother,2,2,0,0,1,0,0,1,0,1,1,4,3,5,1,2,3,0,6,0,0,Math,270,0,0,0,1,1,2,2,3,1,2.0,At-Risk
GP,F,19,U,GT3,T,3,3,other,services,home,other,1,2,2,0,1,1,1,1,1,1,0,4,3,5,3,3,5,15,9,9,9,Math,271,0,0,1,1,1,2,3,1,2,9.0,At-Risk
GP,F,18,U,GT3,T,2,3,other,services,reputation,father,1,4,0,0,1,1,1,1,1,1,1,4,5,5,1,3,2,4,15,14,14,Math,272,0,0,1,1,1,2,3,3,0,14.333333333333334,Average
GP,F,18,U,LE3,T,1,1,other,other,home,mother,2,2,0,0,1,1,0,0,1,0,0,4,4,3,1,1,3,2,11,11,11,Math,273,0,0,1,0,1,2,2,1,1,11.0,Average
GP,M,17,R,GT3,T,1,2,at_home,at_home,home,mother,1,2,0,0,1,1,1,0,1,0,1,3,5,2,2,2,1,2,15,14,14,Math,274,0,1,0,1,1,0,0,1,1,14.333333333333334,Average
GP,F,17,U,GT3,T,2,4,at_home,health,reputation,mother,2,2,0,0,1,1,0,1,1,1,1,4,3,3,1,1,1,2,10,10,10,Math,275,0,0,1,1,1,0,1,3,1,10.0,Average
GP,F,17,U,LE3,T,2,2,services,other,course,mother,2,2,0,1,1,1,0,1,1,1,1,4,4,4,2,3,5,6,12,12,12,Math,276,0,0,1,0,1,3,2,0,1,12.0,Average
GP,F,18,R,GT3,A,3,2,other,services,home,mother,2,2,0,0,0,0,0,0,0,1,1,4,1,1,1,1,5,75,10,9,9,Math,277,0,0,0,1,0,2,3,1,1,9.333333333333334,At-Risk
GP,M,18,U,GT3,T,4,4,teacher,services,home,mother,2,1,0,0,0,1,1,1,1,1,0,3,2,4,1,4,3,22,9,9,9,Math,278,0,1,1,1,1,4,3,1,1,9.0,At-Risk
GP,F,18,U,GT3,T,4,4,health,health,reputation,father,1,2,1,1,1,0,1,1,1,1,1,2,4,4,1,1,4,15,9,8,8,Math,279,0,0,1,1,1,1,1,3,0,8.333333333333334,At-Risk
GP,M,18,U,LE3,T,4,3,teacher,services,course,mother,2,1,0,0,0,1,1,1,1,1,0,4,2,3,1,2,1,8,10,11,10,Math,280,0,1,1,0,1,4,3,0,1,10.333333333333334,Average
GP,M,17,U,LE3,A,4,1,services,other,home,mother,2,1,0,0,0,1,1,1,1,1,1,4,5,4,2,4,5,30,8,8,8,Math,281,0,1,1,0,0,3,2,1,1,8.0,At-Risk
GP,M,17,U,LE3,A,3,2,teacher,services,home,mother,1,1,1,0,0,0,0,1,1,1,0,4,4,4,3,4,3,19,11,9,10,Math,282,0,1,1,0,0,4,3,1,1,10.0,Average
GP,F,18,R,LE3,T,1,1,at_home,other,reputation,mother,2,4,0,0,1,1,1,1,1,0,0,5,2,2,1,1,3,1,12,12,12,Math,283,0,0,0,0,1,0,2,3,1,12.0,Average
GP,F,18,U,GT3,T,1,1,other,other,home,mother,2,2,0,1,0,0,1,1,1,1,0,5,4,4,1,1,4,4,8,9,10,Math,284,0,0,1,1,1,2,2,1,1,9.0,Average
GP,F,17,U,GT3,T,2,2,other,other,course,mother,1,2,0,0,1,0,0,0,1,1,0,5,4,5,1,2,5,4,10,9,11,Math,285,0,0,1,1,1,2,2,0,1,10.0,Average
GP,M,17,U,GT3,T,1,1,other,other,reputation,father,1,2,0,0,0,1,0,0,1,1,0,4,3,3,1,2,4,2,12,10,11,Math,286,0,1,1,1,1,2,2,3,0,11.0,Average
GP,F,18,U,GT3,T,2,2,at_home,at_home,other,mother,1,3,0,0,1,1,0,1,1,1,0,4,3,3,1,2,2,5,18,18,19,Math,287,0,0,1,1,1,0,0,2,1,18.333333333333332,High
GP,F,17,U,GT3,T,1,1,services,teacher,reputation,mother,1,3,0,0,1,1,0,1,1,1,0,4,3,3,1,1,3,6,13,12,12,Math,288,0,0,1,1,1,3,4,3,1,12.333333333333334,Average
GP,M,18,U,GT3,T,2,1,services,services,reputation,mother,1,3,0,0,0,1,1,1,1,1,0,4,2,4,1,3,2,6,15,14,14,Math,289,0,1,1,1,1,3,3,3,1,14.333333333333334,Average
GP,M,18,U,LE3,A,4,4,teacher,teacher,reputation,mother,1,2,0,0,1,1,1,1,1,1,0,5,4,3,1,1,2,9,15,13,15,Math,290,0,1,1,0,0,4,4,3,1,14.333333333333334,High
GP,M,18,U,GT3,T,4,2,teacher,other,home,mother,1,2,0,0,1,1,1,1,1,1,1,4,3,2,1,4,5,11,12,11,11,Math,291,0,1,1,1,1,4,2,1,1,11.333333333333334,Average
GP,F,17,U,GT3,T,4,3,health,services,reputation,mother,1,3,0,0,1,1,0,1,1,1,0,4,2,2,1,2,3,0,15,15,15,Math,292,0,0,1,1,1,1,3,3,1,15.0,High
GP,F,18,U,LE3,T,2,1,services,at_home,reputation,mother,1,2,1,0,0,0,0,1,1,1,1,5,4,3,1,1,5,12,12,12,13,Math,293,0,0,1,0,1,3,0,3,1,12.333333333333334,Average
GP,F,17,R,LE3,T,3,1,services,other,reputation,mother,2,4,0,0,1,1,0,1,1,0,0,3,1,2,1,1,3,6,18,18,18,Math,294,0,0,0,0,1,3,2,3,1,18.0,High
GP,M,18,R,LE3,T,3,2,services,other,reputation,mother,2,3,0,0,1,1,1,1,1,1,0,5,4,2,1,1,4,8,14,13,14,Math,295,0,1,0,0,1,3,2,3,1,13.666666666666666,Average
GP,M,17,U,GT3,T,3,3,health,other,home,mother,1,1,0,0,1,1,0,1,1,1,0,4,4,3,1,3,5,4,14,12,11,Math,296,0,1,1,1,1,1,2,1,1,12.333333333333334,Average
GP,F,19,U,GT3,T,4,4,health,other,reputation,other,2,2,0,0,1,1,1,1,1,1,0,2,3,4,2,3,2,0,10,9,0,Math,297,0,0,1,1,1,1,2,3,2,6.333333333333333,At-Risk
GP,F,18,U,LE3,T,4,3,other,other,home,other,2,2,0,0,1,1,0,1,1,1,1,4,4,5,1,2,2,10,10,8,8,Math,298,0,0,1,0,1,2,2,1,2,8.666666666666666,At-Risk
GP,F,18,U,GT3,T,4,3,other,other,reputation,father,1,4,0,0,1,1,0,1,1,1,0,4,3,3,1,1,3,0,14,13,14,Math,299,0,0,1,1,1,2,2,3,0,13.666666666666666,Average
GP,M,18,U,LE3,T,4,4,teacher,teacher,home,mother,1,1,0,0,1,1,0,1,1,1,1,1,4,2,2,2,1,5,16,15,16,Math,300,0,1,1,0,1,4,4,1,1,15.666666666666666,High
GP,F,18,U,LE3,A,4,4,health,other,home,mother,1,2,0,0,1,0,0,1,1,1,1,4,2,4,1,1,4,14,12,10,11,Math,301,0,0,1,0,0,1,2,1,1,11.0,Average
GP,M,17,U,LE3,T,4,4,other,teacher,home,father,2,1,0,0,0,1,0,1,1,1,0,4,1,1,2,2,5,0,11,11,10,Math,302,0,1,1,0,1,2,4,1,0,10.666666666666666,Average
GP,F,17,U,GT3,T,4,2,other,other,reputation,mother,2,3,0,0,1,1,0,1,1,1,0,4,3,3,1,1,3,0,15,12,14,Math,303,0,0,1,1,1,2,2,3,1,13.666666666666666,Average
GP,F,17,U,GT3,T,3,2,health,health,reputation,father,1,4,0,0,1,1,1,0,1,1,0,5,2,2,1,2,5,0,17,17,18,Math,304,0,0,1,1,1,1,1,3,0,17.333333333333332,High
GP,M,19,U,GT3,T,3,3,other,other,home,other,1,2,1,0,1,0,1,1,1,1,1,4,4,4,1,1,3,20,15,14,13,Math,305,0,1,1,1,1,2,2,1,2,14.0,Average
GP,F,18,U,GT3,T,2,4,services,at_home,reputation,other,1,2,1,0,1,1,1,1,1,1,0,4,4,3,1,1,3,8,14,12,12,Math,306,0,0,1,1,1,3,0,3,2,12.666666666666666,Average
GP,M,20,U,GT3,A,3,2,services,other,course,other,1,1,0,0,0,0,1,1,1,0,0,5,5,3,1,1,5,0,17,18,18,Math,307,0,1,1,1,0,3,2,0,2,17.666666666666668,High
GP,M,19,U,GT3,T,4,4,teacher,services,reputation,other,2,1,1,0,1,1,0,1,1,1,1,4,3,4,1,1,4,38,8,9,8,Math,308,0,1,1,1,1,4,3,3,2,8.333333333333334,At-Risk
GP,M,19,R,GT3,T,3,3,other,services,reputation,father,1,2,1,0,0,0,1,1,1,0,1,4,5,3,1,2,5,0,15,12,12,Math,309,0,1,0,1,1,2,3,3,0,13.0,Average
GP,F,19,U,LE3,T,1,1,at_home,other,reputation,other,1,2,1,1,1,0,1,0,1,1,0,4,4,3,1,3,3,18,12,10,10,Math,310,0,0,1,0,1,0,2,3,2,10.666666666666666,Average
GP,F,19,U,LE3,T,1,2,services,services,home,other,1,2,1,0,0,0,1,0,1,0,1,4,2,4,2,2,3,0,9,9,0,Math,311,0,0,1,0,1,3,3,1,2,6.0,At-Risk
GP,F,19,U,GT3,T,2,1,at_home,other,other,other,3,2,0,0,1,0,0,1,0,1,1,3,4,1,1,1,2,20,14,12,13,Math,312,0,0,1,1,1,0,2,2,2,13.0,Average
GP,M,19,U,GT3,T,1,2,other,services,course,other,1,2,1,0,0,0,0,0,1,1,0,4,5,2,2,2,4,3,13,11,11,Math,313,0,1,1,1,1,2,3,0,2,11.666666666666666,Average
GP,F,19,U,LE3,T,3,2,services,other,reputation,other,2,2,1,0,1,1,0,0,1,1,1,4,2,2,1,2,1,22,13,10,11,Math,314,0,0,1,0,1,3,2,3,2,11.333333333333334,Average
GP,F,19,U,GT3,T,1,1,at_home,health,home,other,1,3,2,0,0,0,0,0,1,1,1,4,1,2,1,1,3,14,15,13,13,Math,315,0,0,1,1,1,0,1,1,2,13.666666666666666,Average
GP,F,19,R,GT3,T,2,3,other,other,reputation,other,1,3,1,0,0,0,0,1,1,1,1,4,1,2,1,1,3,40,13,11,11,Math,316,0,0,0,1,1,2,2,3,2,11.666666666666666,Average
GP,F,18,U,GT3,T,2,1,services,other,course,mother,2,2,0,0,1,1,1,1,1,1,0,5,3,3,1,2,1,0,8,8,0,Math,317,0,0,1,1,1,3,2,0,1,5.333333333333333,At-Risk
GP,F,18,U,GT3,T,4,3,other,other,course,mother,1,3,0,0,1,1,1,1,1,1,1,4,3,4,1,1,5,9,9,10,9,Math,318,0,0,1,1,1,2,2,0,1,9.333333333333334,At-Risk
GP,F,17,R,GT3,T,3,4,at_home,services,course,father,1,3,0,0,1,1,1,0,1,1,0,4,3,4,2,5,5,0,11,11,10,Math,319,0,0,0,1,1,0,3,0,0,10.666666666666666,Average
GP,F,18,U,GT3,T,4,4,teacher,other,course,mother,1,2,0,0,1,1,0,1,1,1,0,4,4,4,3,3,5,2,11,11,11,Math,320,0,0,1,1,1,4,2,0,1,11.0,Average
GP,F,17,U,GT3,A,4,3,services,services,course,mother,1,2,0,0,1,1,0,1,1,1,1,5,2,2,1,2,5,23,13,13,13,Math,321,0,0,1,1,0,3,3,0,1,13.0,Average
GP,F,17,U,GT3,T,2,2,other,other,course,mother,1,2,0,0,1,0,0,1,1,0,1,4,2,2,1,1,3,12,11,9,9,Math,322,0,0,1,1,1,2,2,0,1,9.666666666666666,At-Risk
GP,F,17,R,LE3,T,2,2,services,services,course,mother,1,3,0,0,1,1,1,1,1,1,0,3,3,2,2,2,3,3,11,11,11,Math,323,0,0,0,0,1,3,3,0,1,11.0,Average
GP,F,17,U,GT3,T,3,1,services,services,course,father,1,3,0,0,1,0,0,0,1,1,0,3,4,3,2,3,5,1,12,14,15,Math,324,0,0,1,1,1,3,3,0,0,13.666666666666666,High
GP,F,17,U,LE3,T,0,2,at_home,at_home,home,father,2,3,0,0,0,0,0,1,1,1,0,3,3,3,2,3,2,0,16,15,15,Math,325,0,0,1,0,1,0,0,1,0,15.333333333333334,High
GP,M,18,U,GT3,T,4,4,other,other,course,mother,1,3,0,0,0,0,1,1,1,1,0,4,3,3,2,2,3,3,9,12,11,Math,326,0,1,1,1,1,2,2,0,1,10.666666666666666,Average
GP,M,17,U,GT3,T,3,3,other,services,reputation,mother,1,1,0,0,0,0,1,0,1,1,0,4,3,5,3,5,5,3,14,15,16,Math,327,0,1,1,1,1,2,3,3,1,15.0,High
GP,M,17,R,GT3,T,2,2,services,other,course,mother,4,1,0,0,1,0,0,1,1,1,0,4,4,5,5,5,4,8,11,10,10,Math,328,0,1,0,1,1,3,2,0,1,10.333333333333334,Average
GP,F,17,U,GT3,T,4,4,teacher,services,course,mother,1,3,0,0,1,1,1,1,1,1,0,5,4,4,1,3,4,7,10,9,9,Math,329,0,0,1,1,1,4,3,0,1,9.333333333333334,At-Risk
GP,F,17,U,GT3,T,4,4,teacher,teacher,course,mother,2,3,0,0,1,1,0,0,1,1,1,4,3,3,1,2,4,4,14,14,14,Math,330,0,0,1,1,1,4,4,0,1,14.0,Average
GP,M,18,U,LE3,T,2,2,other,other,course,mother,1,4,0,0,1,0,1,1,1,1,0,4,5,5,2,4,5,2,9,8,8,Math,331,0,1,1,0,1,2,2,0,1,8.333333333333334,At-Risk
GP,F,17,R,GT3,T,2,4,at_home,other,course,father,1,3,0,0,1,0,0,1,1,1,1,4,4,3,1,1,5,7,12,14,14,Math,332,0,0,0,1,1,0,2,0,0,13.333333333333334,Average
GP,F,18,U,GT3,T,3,3,services,services,home,mother,1,2,0,0,0,0,1,1,1,1,0,5,3,4,1,1,4,0,7,0,0,Math,333,0,0,1,1,1,3,3,1,1,2.3333333333333335,At-Risk
GP,F,18,U,LE3,T,2,2,other,other,home,other,1,2,0,0,0,0,1,0,1,1,1,4,3,3,1,1,2,0,8,8,0,Math,334,0,0,1,0,1,2,2,1,2,5.333333333333333,At-Risk
GP,F,18,R,GT3,T,2,2,at_home,other,course,mother,2,4,0,0,0,0,1,1,1,0,0,4,4,4,1,1,4,0,10,9,0,Math,335,0,0,0,1,1,0,2,0,1,6.333333333333333,At-Risk
GP,F,17,U,GT3,T,3,4,services,other,course,mother,1,3,0,0,0,0,0,1,1,1,0,4,4,5,1,3,5,16,16,15,15,Math,336,0,0,1,1,1,3,2,0,1,15.333333333333334,High
GP,F,19,R,GT3,A,3,1,services,at_home,home,other,1,3,1,0,0,1,0,1,1,0,0,5,4,3,1,2,5,12,14,13,13,Math,337,0,0,0,1,0,3,0,1,2,13.333333333333334,Average
GP,F,17,U,GT3,T,3,2,other,other,home,mother,1,2,0,0,1,1,0,1,1,1,1,4,3,2,2,3,2,0,7,8,0,Math,338,0,0,1,1,1,2,2,1,1,5.0,At-Risk
GP,F,18,U,LE3,T,3,3,services,services,home,mother,1,4,0,0,1,0,0,1,1,1,0,5,3,3,1,1,1,7,16,15,17,Math,339,0,0,1,0,1,3,3,1,1,16.0,High
GP,F,17,R,GT3,A,3,2,other,other,home,mother,1,2,0,0,1,1,0,1,1,1,0,4,3,3,2,3,2,4,9,10,10,Math,340,0,0,0,1,0,2,2,1,1,9.666666666666666,Average
GP,F,19,U,GT3,T,2,1,services,services,home,other,1,3,1,0,0,1,1,1,1,1,1,4,3,4,1,3,3,4,11,12,11,Math,341,0,0,1,1,1,3,3,1,2,11.333333333333334,Average
GP,M,18,U,GT3,T,4,4,teacher,services,home,father,1,2,1,0,1,0,1,1,1,1,0,4,3,3,2,2,2,0,10,10,0,Math,342,0,1,1,1,1,4,3,1,0,6.666666666666667,At-Risk
GP,M,18,U,LE3,T,3,4,services,other,home,mother,1,2,0,0,0,0,1,1,1,1,1,4,3,3,1,3,5,11,16,15,15,Math,343,0,1,1,0,1,3,2,1,1,15.333333333333334,High
GP,F,17,U,GT3,A,2,2,at_home,at_home,home,father,1,2,1,0,1,0,0,1,1,1,1,3,3,1,1,2,4,0,9,8,0,Math,344,0,0,1,1,0,0,0,1,0,5.666666666666667,At-Risk
GP,F,18,U,GT3,T,2,3,at_home,other,course,mother,1,3,0,0,1,0,0,1,1,1,0,4,3,3,1,2,3,4,11,10,10,Math,345,0,0,1,1,1,0,2,0,1,10.333333333333334,Average
GP,F,18,U,GT3,T,3,2,other,services,other,mother,1,3,0,0,0,0,0,1,1,1,1,5,4,3,2,3,1,7,13,13,14,Math,346,0,0,1,1,1,2,3,2,1,13.333333333333334,Average
GP,M,18,R,GT3,T,4,3,teacher,services,course,mother,1,3,0,0,0,0,0,1,1,1,1,5,3,2,1,2,4,9,16,15,16,Math,347,0,1,0,1,1,4,3,0,1,15.666666666666666,High
GP,M,18,U,GT3,T,4,3,teacher,other,course,mother,1,3,0,0,1,1,0,1,1,1,1,5,4,5,2,3,5,0,10,10,9,Math,348,0,1,1,1,1,4,2,0,1,9.666666666666666,At-Risk
GP,F,17,U,GT3,T,4,3,health,other,reputation,mother,1,3,0,0,1,1,1,1,1,1,1,4,4,3,1,3,4,0,13,15,15,Math,349,0,0,1,1,1,1,2,3,1,14.333333333333334,High
MS,M,18,R,GT3,T,3,2,other,other,course,mother,2,1,1,0,1,0,0,0,1,1,0,2,5,5,5,5,5,10,11,13,13,Math,350,1,1,0,1,1,2,2,0,1,12.333333333333334,Average
MS,M,19,R,GT3,T,1,1,other,services,home,other,3,2,3,0,0,0,0,1,1,1,0,5,4,4,3,3,2,8,8,7,8,Math,351,1,1,0,1,1,2,3,1,2,7.666666666666667,At-Risk
MS,M,17,U,GT3,T,3,3,health,other,course,mother,2,2,0,0,1,1,0,1,1,1,0,4,5,4,2,3,3,2,13,13,13,Math,352,1,1,1,1,1,1,2,0,1,13.0,Average
MS,M,18,U,LE3,T,1,3,at_home,services,course,mother,1,1,1,0,0,0,0,1,0,1,1,4,3,3,2,3,3,7,8,7,8,Math,353,1,1,1,0,1,0,3,0,1,7.666666666666667,At-Risk
MS,M,19,R,GT3,T,1,1,other,other,home,other,3,1,1,0,1,0,0,1,1,1,0,4,4,4,3,3,5,4,8,8,8,Math,354,1,1,0,1,1,2,2,1,2,8.0,At-Risk
MS,M,17,R,GT3,T,4,3,services,other,home,mother,2,2,0,0,1,1,1,0,1,1,1,4,5,5,1,3,2,4,13,11,11,Math,355,1,1,0,1,1,3,2,1,1,11.666666666666666,Average
MS,F,18,U,GT3,T,3,3,services,services,course,father,1,2,0,0,1,0,0,1,1,0,1,5,3,4,1,1,5,0,10,9,9,Math,356,1,0,1,1,1,3,3,0,0,9.333333333333334,At-Risk
MS,F,17,R,GT3,T,4,4,teacher,services,other,father,2,2,0,0,1,1,1,1,1,1,0,4,3,3,1,2,5,4,12,13,13,Math,357,1,0,0,1,1,4,3,2,0,12.666666666666666,Average
MS,F,17,U,LE3,A,3,2,services,other,reputation,mother,2,2,0,0,0,0,0,1,1,0,1,1,2,3,1,2,5,2,12,12,11,Math,358,1,0,1,0,0,3,2,3,1,11.666666666666666,Average
MS,M,18,U,LE3,T,1,1,other,services,home,father,2,1,0,0,0,0,0,0,1,1,1,3,3,2,1,2,3,4,10,10,10,Math,359,1,1,1,0,1,2,3,1,0,10.0,Average
MS,F,18,U,LE3,T,1,1,at_home,services,course,father,2,3,0,0,0,0,0,1,1,1,0,5,3,2,1,1,4,0,18,16,16,Math,360,1,0,1,0,1,0,3,0,0,16.666666666666668,High
MS,F,18,R,LE3,A,1,4,at_home,other,course,mother,3,2,0,0,0,0,0,1,1,0,1,4,3,4,1,4,5,0,13,13,13,Math,361,1,0,0,0,0,0,2,0,1,13.0,Average
MS,M,18,R,LE3,T,1,1,at_home,other,other,mother,2,2,1,0,0,0,1,0,0,0,0,4,4,3,2,3,5,2,13,12,12,Math,362,1,1,0,0,1,0,2,2,1,12.333333333333334,Average
MS,F,18,U,GT3,T,3,3,services,services,other,mother,2,2,0,0,1,0,0,1,1,1,1,4,3,2,1,3,3,0,11,11,10,Math,363,1,0,1,1,1,3,3,2,1,10.666666666666666,Average
MS,F,17,U,LE3,T,4,4,at_home,at_home,course,mother,1,2,0,0,1,1,1,1,1,1,1,2,3,4,1,1,1,0,16,15,15,Math,364,1,0,1,0,1,0,0,0,1,15.333333333333334,High
MS,F,17,R,GT3,T,1,2,other,services,course,father,2,2,0,0,0,0,0,0,1,0,0,3,2,2,1,2,3,0,12,11,12,Math,365,1,0,0,1,1,2,3,0,0,11.666666666666666,Average
MS,M,18,R,GT3,T,1,3,at_home,other,course,mother,2,2,0,0,1,1,0,1,1,0,0,3,3,4,2,4,3,4,10,10,10,Math,366,1,1,0,1,1,0,2,0,1,10.0,Average
MS,M,18,U,LE3,T,4,4,teacher,services,other,mother,2,3,0,0,0,1,0,1,1,1,1,4,2,2,2,2,5,0,13,13,13,Math,367,1,1,1,0,1,4,3,2,1,13.0,Average
MS,F,17,R,GT3,T,1,1,other,services,reputation,mother,3,1,1,0,1,1,0,1,1,1,1,5,2,1,1,2,1,0,7,6,0,Math,368,1,0,0,1,1,2,3,3,1,4.333333333333333,At-Risk
MS,F,18,U,GT3,T,2,3,at_home,services,course,father,2,1,0,0,1,1,0,1,1,1,1,5,2,3,1,2,4,0,11,10,10,Math,369,1,0,1,1,1,0,3,0,0,10.333333333333334,Average
MS,F,18,R,GT3,T,4,4,other,teacher,other,father,3,2,0,0,1,1,0,0,1,1,1,3,2,2,4,2,5,10,14,12,11,Math,370,1,0,0,1,1,2,4,2,0,12.333333333333334,Average
MS,F,19,U,LE3,T,3,2,services,services,home,other,2,2,2,0,0,0,1,1,1,0,1,3,2,2,1,1,3,4,7,7,9,Math,371,1,0,1,0,1,3,3,1,2,7.666666666666667,At-Risk
MS,M,18,R,LE3,T,1,2,at_home,services,other,father,3,1,0,0,1,1,1,1,0,1,1,4,3,3,2,3,3,3,14,12,12,Math,372,1,1,0,0,1,0,3,2,0,12.666666666666666,Average
MS,F,17,U,GT3,T,2,2,other,at_home,home,mother,1,3,0,0,0,0,1,1,1,0,1,3,4,3,1,1,3,8,13,11,11,Math,373,1,0,1,1,1,2,0,1,1,11.666666666666666,Average
MS,F,17,R,GT3,T,1,2,other,other,course,mother,1,1,0,0,0,0,1,1,1,1,0,3,5,5,1,3,1,14,6,5,5,Math,374,1,0,0,1,1,2,2,0,1,5.333333333333333,At-Risk
MS,F,18,R,LE3,T,4,4,other,other,reputation,mother,2,3,0,0,0,0,0,1,1,1,0,5,4,4,1,1,1,0,19,18,19,Math,375,1,0,0,0,1,2,2,3,1,18.666666666666668,High
MS,F,18,R,GT3,T,1,1,other,other,home,mother,4,3,0,0,0,0,0,1,1,1,0,4,3,2,1,2,4,2,8,8,10,Math,376,1,0,0,1,1,2,2,1,1,8.666666666666666,Average
MS,F,20,U,GT3,T,4,2,health,other,course,other,2,3,2,0,1,1,0,0,1,1,1,5,4,3,1,1,3,4,15,14,15,Math,377,1,0,1,1,1,1,2,0,2,14.666666666666666,High
MS,F,18,R,LE3,T,4,4,teacher,services,course,mother,1,2,0,0,0,1,1,1,1,1,0,5,4,3,3,4,2,4,8,9,10,Math,378,1,0,0,0,1,4,3,0,1,9.0,Average
MS,F,18,U,GT3,T,3,3,other,other,home,mother,1,2,0,0,0,1,0,1,1,1,1,4,1,3,1,2,1,0,15,15,15,Math,379,1,0,1,1,1,2,2,1,1,15.0,High
MS,F,17,R,GT3,T,3,1,at_home,other,reputation,mother,1,2,0,0,1,1,1,0,1,1,0,4,5,4,2,3,1,17,10,10,10,Math,380,1,0,0,1,1,0,2,3,1,10.0,Average
MS,M,18,U,GT3,T,4,4,teacher,teacher,home,father,1,2,0,0,0,1,1,0,1,1,0,3,2,4,1,4,2,4,15,14,14,Math,381,1,1,1,1,1,4,4,1,0,14.333333333333334,Average
MS,M,18,R,GT3,T,2,1,other,other,other,mother,2,1,0,0,0,0,1,0,1,1,1,4,4,3,1,3,5,5,7,6,7,Math,382,1,1,0,1,1,2,2,2,1,6.666666666666667,At-Risk
MS,M,17,U,GT3,T,2,3,other,services,home,father,2,2,0,0,0,0,1,1,1,1,0,4,4,3,1,1,3,2,11,11,10,Math,383,1,1,1,1,1,2,3,1,0,10.666666666666666,Average
MS,M,19,R,GT3,T,1,1,other,services,other,mother,2,1,1,0,0,0,0,1,1,0,0,4,3,2,1,3,5,0,6,5,0,Math,384,1,1,0,1,1,2,3,2,1,3.6666666666666665,At-Risk
MS,M,18,R,GT3,T,4,2,other,other,home,father,2,1,1,0,0,1,0,1,1,0,0,5,4,3,4,3,3,14,6,5,5,Math,385,1,1,0,1,1,2,2,1,0,5.333333333333333,At-Risk
MS,F,18,R,GT3,T,2,2,at_home,other,other,mother,2,3,0,0,0,1,0,1,1,0,0,5,3,3,1,3,4,2,10,9,10,Math,386,1,0,0,1,1,0,2,2,1,9.666666666666666,Average
MS,F,18,R,GT3,T,4,4,teacher,at_home,reputation,mother,3,1,0,0,1,1,1,1,1,1,1,4,4,3,2,2,5,7,6,5,6,Math,387,1,0,0,1,1,4,0,3,1,5.666666666666667,At-Risk
MS,F,19,R,GT3,T,2,3,services,other,course,mother,1,3,1,0,0,0,1,0,1,1,0,5,4,2,1,2,5,0,7,5,0,Math,388,1,0,0,1,1,3,2,0,1,4.0,At-Risk
MS,F,18,U,LE3,T,3,1,teacher,services,course,mother,1,2,0,0,1,1,0,1,1,1,0,4,3,4,1,1,1,0,7,9,8,Math,389,1,0,1,0,1,4,3,0,1,8.0,At-Risk
MS,F,18,U,GT3,T,1,1,other,other,course,mother,2,2,1,0,0,0,1,1,1,0,0,1,1,1,1,1,5,0,6,5,0,Math,390,1,0,1,1,1,2,2,0,1,3.6666666666666665,At-Risk
MS,M,20,U,LE3,A,2,2,services,services,course,other,1,2,2,0,1,1,0,1,1,0,0,5,5,4,4,5,4,11,9,9,9,Math,391,1,1,1,0,0,3,3,0,2,9.0,At-Risk
MS,M,17,U,LE3,T,3,1,services,services,course,mother,2,1,0,0,0,0,0,0,1,1,0,2,4,5,3,4,2,3,14,16,16,Math,392,1,1,1,0,1,3,3,0,1,15.333333333333334,High
MS,M,21,R,GT3,T,1,1,other,other,course,other,1,1,3,0,0,0,0,0,1,0,0,5,5,3,3,3,3,3,10,8,7,Math,393,1,1,0,1,1,2,2,0,2,8.333333333333334,At-Risk
MS,M,18,R,LE3,T,3,2,services,other,course,mother,3,1,0,0,0,0,0,0,1,1,0,4,4,1,3,4,5,0,11,12,10,Math,394,1,1,0,0,1,3,2,0,1,11.0,Average
MS,M,19,U,LE3,T,1,1,other,at_home,course,father,1,1,0,0,0,0,0,1,1,1,0,3,2,3,3,3,5,5,8,9,9,Math,395,1,1,1,0,1,2,0,0,0,8.666666666666666,At-Risk
GP,F,18,U,GT3,A,4,4,at_home,teacher,course,mother,2,2,0,1,0,0,0,1,1,0,0,4,3,4,1,1,3,4,0,11,11,Portuguese,396,0,0,1,1,0,0,4,0,1,7.333333333333333,Average
GP,F,17,U,GT3,T,1,1,at_home,other,course,father,1,2,0,0,1,0,0,0,1,1,0,5,3,3,1,1,3,2,9,11,11,Portuguese,397,0,0,1,1,1,0,2,0,0,10.333333333333334,Average
GP,F,15,U,LE3,T,1,1,at_home,other,other,mother,1,2,0,1,0,0,0,1,1,1,0,4,3,2,2,3,3,6,12,13,12,Portuguese,398,0,0,1,0,1,0,2,2,1,12.333333333333334,Average
GP,F,15,U,GT3,T,4,2,health,services,home,mother,1,3,0,0,1,0,1,1,1,1,1,3,2,2,1,1,5,0,14,14,14,Portuguese,399,0,0,1,1,1,1,3,1,1,14.0,Average
GP,F,16,U,GT3,T,3,3,other,other,home,father,1,2,0,0,1,0,0,1,1,0,0,4,3,2,1,2,5,0,11,13,13,Portuguese,400,0,0,1,1,1,2,2,1,0,12.333333333333334,Average
GP,M,16,U,LE3,T,4,3,services,other,reputation,mother,1,2,0,0,1,0,1,1,1,1,0,5,4,2,1,2,5,6,12,12,13,Portuguese,401,0,1,1,0,1,3,2,3,1,12.333333333333334,Average
GP,M,16,U,LE3,T,2,2,other,other,home,mother,1,2,0,0,0,0,0,1,1,1,0,4,4,4,1,1,3,0,13,12,13,Portuguese,402,0,1,1,0,1,2,2,1,1,12.666666666666666,Average
GP,F,17,U,GT3,A,4,4,other,teacher,home,mother,2,2,0,1,1,0,0,1,1,0,0,4,1,4,1,1,1,2,10,13,13,Portuguese,403,0,0,1,1,0,2,4,1,1,12.0,Average
GP,M,15,U,LE3,A,3,2,services,other,home,mother,1,2,0,0,1,0,0,1,1,1,0,4,2,2,1,1,1,0,15,16,17,Portuguese,404,0,1,1,0,0,3,2,1,1,16.0,High
GP,M,15,U,GT3,T,3,4,other,other,home,mother,1,2,0,0,1,0,1,1,1,1,0,5,5,1,1,1,5,0,12,12,13,Portuguese,405,0,1,1,1,1,2,2,1,1,12.333333333333334,Average
GP,F,15,U,GT3,T,4,4,teacher,health,reputation,mother,1,2,0,0,1,0,0,1,1,1,0,3,3,3,1,2,2,2,14,14,14,Portuguese,406,0,0,1,1,1,4,1,3,1,14.0,Average
GP,F,15,U,GT3,T,2,1,services,other,reputation,father,3,3,0,0,1,0,1,1,1,1,0,5,2,2,1,1,4,0,10,12,13,Portuguese,407,0,0,1,1,1,3,2,3,0,11.666666666666666,Average
GP,M,15,U,LE3,T,4,4,health,services,course,father,1,1,0,0,1,0,1,1,1,1,0,4,3,3,1,3,5,0,12,13,12,Portuguese,408,0,1,1,0,1,1,3,0,0,12.333333333333334,Average
GP,M,15,U,GT3,T,4,3,teacher,other,course,mother,2,2,0,0,1,0,0,1,1,1,0,5,4,3,1,2,3,0,12,12,13,Portuguese,409,0,1,1,1,1,4,2,0,1,12.333333333333334,Average
GP,M,15,U,GT3,A,2,2,other,other,home,other,1,3,0,0,1,0,0,1,1,1,1,4,5,2,1,1,3,0,14,14,15,Portuguese,410,0,1,1,1,0,2,2,1,2,14.333333333333334,High
GP,F,16,U,GT3,T,4,4,health,other,home,mother,1,1,0,0,1,0,0,1,1,1,0,4,4,4,1,2,2,6,17,17,17,Portuguese,411,0,0,1,1,1,1,2,1,1,17.0,High
GP,F,16,U,GT3,T,4,4,services,services,reputation,mother,1,3,0,0,1,0,1,1,1,1,0,3,2,3,1,2,2,10,13,13,14,Portuguese,412,0,0,1,1,1,3,3,3,1,13.333333333333334,Average
GP,F,16,U,GT3,T,3,3,other,other,reputation,mother,3,2,0,1,1,0,1,1,1,0,0,5,3,2,1,1,4,2,13,14,14,Portuguese,413,0,0,1,1,1,2,2,3,1,13.666666666666666,Average
GP,M,17,U,GT3,T,3,2,services,services,course,mother,1,1,3,0,1,1,1,1,1,1,0,5,5,5,2,4,5,2,8,8,7,Portuguese,414,0,1,1,1,1,3,3,0,1,7.666666666666667,At-Risk
GP,M,16,U,LE3,T,4,3,health,other,home,father,1,1,0,0,0,0,1,1,1,1,0,3,1,3,1,3,5,6,12,12,12,Portuguese,415,0,1,1,0,1,1,2,1,0,12.0,Average
GP,M,15,U,GT3,T,4,3,teacher,other,reputation,mother,1,2,0,0,0,0,0,1,1,1,0,4,4,1,1,1,1,0,12,13,14,Portuguese,416,0,1,1,1,1,4,2,3,1,13.0,Average
GP,M,15,U,GT3,T,4,4,health,health,other,father,1,1,0,0,1,1,0,1,1,1,0,5,4,2,1,1,5,0,11,12,12,Portuguese,417,0,1,1,1,1,1,1,2,0,11.666666666666666,Average
GP,M,16,U,LE3,T,4,2,teacher,other,course,mother,1,2,0,0,0,0,1,1,1,1,0,4,5,1,1,3,5,0,12,13,14,Portuguese,418,0,1,1,0,1,4,2,0,1,13.0,Average
GP,M,16,U,LE3,T,2,2,other,other,reputation,mother,2,2,0,0,1,0,1,1,1,1,0,5,4,4,2,4,5,2,10,10,10,Portuguese,419,0,1,1,0,1,2,2,3,1,10.0,Average
GP,F,15,R,GT3,T,2,4,services,health,course,mother,1,3,0,1,1,0,1,1,1,1,0,4,3,2,1,1,5,2,10,11,10,Portuguese,420,0,0,0,1,1,3,1,0,1,10.333333333333334,Average
GP,F,16,U,GT3,T,2,2,services,services,home,mother,1,1,0,0,1,0,0,0,1,1,0,1,2,2,1,3,5,6,10,11,12,Portuguese,421,0,0,1,1,1,3,3,1,1,11.0,Average
GP,M,15,U,GT3,T,2,2,other,other,home,mother,1,1,0,0,1,0,0,1,1,1,0,4,2,2,1,2,5,8,11,12,12,Portuguese,422,0,1,1,1,1,2,2,1,1,11.666666666666666,Average
GP,M,15,U,GT3,T,4,2,health,services,other,mother,1,1,0,0,0,0,0,1,1,1,0,2,2,4,2,4,1,0,11,11,11,Portuguese,423,0,1,1,1,1,1,3,2,1,11.0,Average
GP,M,16,U,LE3,A,3,4,services,other,home,mother,1,2,0,1,1,1,1,1,1,1,0,5,3,3,1,1,5,2,12,12,13,Portuguese,424,0,1,1,0,0,3,2,1,1,12.333333333333334,Average
GP,M,16,U,GT3,T,4,4,teacher,teacher,home,mother,1,2,0,0,1,1,1,1,1,1,1,4,4,5,5,5,5,4,12,11,12,Portuguese,425,0,1,1,1,1,4,4,1,1,11.666666666666666,Average
GP,M,15,U,GT3,T,4,4,health,services,home,mother,1,2,0,0,1,1,0,0,1,1,0,5,4,2,3,4,5,0,10,11,11,Portuguese,426,0,1,1,1,1,1,3,1,1,10.666666666666666,Average
GP,M,15,U,GT3,T,4,4,services,services,reputation,mother,2,2,0,0,1,0,1,1,1,1,0,4,3,1,1,1,5,2,15,15,15,Portuguese,427,0,1,1,1,1,3,3,3,1,15.0,High
GP,M,15,R,GT3,T,4,3,teacher,at_home,course,mother,1,2,0,0,1,0,1,1,1,1,1,4,5,2,1,1,5,0,13,14,15,Portuguese,428,0,1,0,1,1,4,0,0,1,14.0,High
GP,M,15,U,LE3,T,3,3,other,other,course,mother,1,2,0,0,0,0,1,0,1,1,0,5,3,2,1,1,2,0,13,12,12,Portuguese,429,0,1,1,0,1,2,2,0,1,12.333333333333334,Average
GP,M,16,U,GT3,T,3,2,other,other,home,mother,1,1,0,0,1,0,0,0,1,1,0,5,4,3,1,1,5,4,12,12,12,Portuguese,430,0,1,1,1,1,2,2,1,1,12.0,Average
GP,F,15,U,GT3,T,2,3,other,other,other,father,2,1,0,0,1,0,1,1,1,0,0,3,5,1,1,1,5,4,11,11,11,Portuguese,431,0,0,1,1,1,2,2,2,0,11.0,Average
GP,M,15,U,LE3,T,4,3,teacher,services,home,mother,1,3,0,0,1,0,1,1,1,1,0,5,4,3,1,1,4,0,14,14,14,Portuguese,432,0,1,1,0,1,4,3,1,1,14.0,Average
GP,M,16,R,GT3,A,4,4,other,teacher,reputation,mother,2,3,0,0,1,0,1,1,1,1,1,2,4,3,1,1,5,4,13,13,13,Portuguese,433,0,1,0,1,0,2,4,3,1,13.0,Average
GP,F,15,R,GT3,T,3,4,services,health,course,mother,1,3,0,1,1,0,1,1,1,1,0,4,3,2,1,1,5,2,11,12,12,Portuguese,434,0,0,0,1,1,3,1,0,1,11.666666666666666,Average
GP,F,15,R,GT3,T,2,2,at_home,other,reputation,mother,1,1,0,1,1,0,1,1,1,0,0,4,3,1,1,1,2,8,14,13,12,Portuguese,435,0,0,0,1,1,0,2,3,1,13.0,Average
GP,F,16,U,LE3,T,2,2,other,other,home,mother,2,2,0,0,1,0,1,0,1,1,1,3,3,3,1,2,3,16,11,11,10,Portuguese,436,0,0,1,0,1,2,2,1,1,10.666666666666666,Average
GP,M,15,U,LE3,T,4,4,teacher,other,home,other,1,1,0,0,1,0,0,0,1,1,1,5,4,3,2,4,5,8,10,11,11,Portuguese,437,0,1,1,0,1,4,2,1,2,10.666666666666666,Average
GP,M,15,U,GT3,T,4,4,services,teacher,course,father,1,2,0,0,1,0,1,1,1,1,0,4,3,3,1,1,5,0,14,15,15,Portuguese,438,0,1,1,1,1,3,4,0,0,14.666666666666666,High
GP,M,15,U,GT3,T,2,2,services,services,course,father,1,1,0,1,1,0,0,1,1,1,0,5,4,1,1,1,1,0,9,10,10,Portuguese,439,0,1,1,1,1,3,3,0,0,9.666666666666666,Average
GP,F,16,U,LE3,T,2,2,other,at_home,course,father,2,2,1,1,0,0,1,1,1,1,0,4,3,3,2,2,5,14,10,11,11,Portuguese,440,0,0,1,0,1,2,0,0,0,10.666666666666666,Average
GP,F,15,U,LE3,A,4,3,other,other,course,mother,1,2,0,1,1,1,1,1,1,1,1,5,2,2,1,1,5,4,10,11,11,Portuguese,441,0,0,1,0,0,2,2,0,1,10.666666666666666,Average
GP,F,16,U,LE3,A,3,3,other,services,home,mother,1,2,0,0,1,0,0,1,1,1,0,2,3,5,1,4,3,6,13,12,13,Portuguese,442,0,0,1,0,0,2,3,1,1,12.666666666666666,Average
GP,M,16,U,GT3,T,4,3,health,services,reputation,mother,1,4,0,0,0,0,1,1,1,1,0,4,2,2,1,1,2,2,17,17,17,Portuguese,443,0,1,1,1,1,1,3,3,1,17.0,High
GP,M,15,U,GT3,T,4,2,teacher,other,home,mother,1,2,0,0,1,0,0,1,1,0,0,4,3,3,2,2,5,4,11,12,13,Portuguese,444,0,1,1,1,1,4,2,1,1,12.0,Average
GP,F,15,U,GT3,T,4,4,services,teacher,other,father,1,2,0,1,1,0,1,0,1,1,0,4,4,4,1,1,3,2,13,12,12,Portuguese,445,0,0,1,1,1,3,4,2,0,12.333333333333334,Average
GP,F,16,U,LE3,T,2,2,services,services,course,mother,3,2,0,0,1,0,0,1,1,1,0,4,3,3,2,3,4,0,14,13,13,Portuguese,446,0,0,1,0,1,3,3,0,1,13.333333333333334,Average
GP,F,15,U,LE3,T,4,2,health,other,other,mother,1,2,0,0,1,0,0,1,1,1,0,4,3,3,1,1,5,0,16,14,16,Portuguese,447,0,0,1,0,1,1,2,2,1,15.333333333333334,High
GP,M,15,U,LE3,A,4,2,health,health,other,father,2,1,0,0,0,0,0,1,1,0,0,5,5,5,3,4,5,4,10,9,9,Portuguese,448,0,1,1,0,0,1,1,2,0,9.333333333333334,At-Risk
GP,F,15,U,GT3,T,4,4,services,services,course,mother,1,1,0,1,1,0,0,1,1,1,0,3,3,4,2,3,5,0,13,12,12,Portuguese,449,0,0,1,1,1,3,3,0,1,12.333333333333334,Average
GP,F,15,U,LE3,A,3,3,other,other,other,mother,1,1,0,0,0,0,0,1,1,1,0,5,3,4,4,4,1,0,13,12,13,Portuguese,450,0,0,1,0,0,2,2,2,1,12.666666666666666,Average
GP,F,16,U,GT3,A,2,1,other,other,other,mother,1,2,0,0,0,0,1,1,1,1,1,5,3,4,1,1,2,2,12,13,12,Portuguese,451,0,0,1,1,0,2,2,2,1,12.333333333333334,Average
GP,F,15,U,GT3,A,4,3,services,services,reputation,mother,1,2,0,0,1,0,1,1,1,1,0,4,3,2,1,1,1,0,15,14,15,Portuguese,452,0,0,1,1,0,3,3,3,1,14.666666666666666,High
GP,M,15,U,GT3,T,4,4,teacher,health,reputation,mother,1,2,0,0,1,0,1,1,1,0,0,3,2,2,1,1,5,8,15,15,16,Portuguese,453,0,1,1,1,1,4,1,3,1,15.333333333333334,High
GP,M,15,U,LE3,T,1,2,other,at_home,home,father,1,2,0,1,1,0,1,1,1,1,0,4,3,2,1,1,5,0,14,13,14,Portuguese,454,0,1,1,0,1,2,0,1,0,13.666666666666666,Average
GP,F,16,U,GT3,T,4,2,services,other,course,mother,1,2,0,0,1,1,0,1,1,1,0,4,2,3,1,1,5,2,16,15,16,Portuguese,455,0,0,1,1,1,3,2,0,1,15.666666666666666,High
GP,F,16,R,GT3,T,4,4,health,teacher,other,mother,1,2,0,0,1,0,1,1,1,0,0,2,4,4,2,3,4,0,17,16,16,Portuguese,456,0,0,0,1,1,1,4,2,1,16.333333333333332,High
GP,F,16,U,GT3,T,1,1,services,services,course,father,4,1,0,1,1,0,1,0,1,1,1,5,5,5,5,5,5,0,10,10,16,Portuguese,457,0,0,1,1,1,3,3,0,0,12.0,High
GP,F,16,U,LE3,T,1,2,other,services,reputation,father,1,2,0,1,0,0,1,1,1,1,0,4,4,3,1,1,1,0,13,13,10,Portuguese,458,0,0,1,0,1,2,3,3,0,12.0,Average
GP,F,16,U,GT3,T,4,3,teacher,health,home,mother,1,3,0,1,1,0,1,1,1,1,0,3,4,4,2,4,4,0,14,13,13,Portuguese,459,0,0,1,1,1,4,1,1,1,13.333333333333334,Average
GP,F,15,U,LE3,T,4,3,services,services,reputation,father,1,2,0,1,0,0,1,1,1,1,1,4,4,4,2,4,2,0,13,12,12,Portuguese,460,0,0,1,0,1,3,3,3,0,12.333333333333334,Average
GP,F,16,U,LE3,T,4,3,teacher,services,course,mother,3,2,0,0,1,0,1,1,1,1,0,5,4,3,1,2,1,2,16,15,16,Portuguese,461,0,0,1,0,1,4,3,0,1,15.666666666666666,High
GP,M,15,U,GT3,A,4,4,other,services,reputation,mother,1,4,0,0,1,0,1,0,1,1,1,1,3,3,5,5,3,0,11,12,12,Portuguese,462,0,1,1,1,0,2,3,3,1,11.666666666666666,Average
GP,F,16,U,GT3,T,3,1,services,other,course,mother,1,4,0,1,1,0,0,1,1,1,0,4,3,3,1,2,5,0,10,9,10,Portuguese,463,0,0,1,1,1,3,2,0,1,9.666666666666666,Average
GP,F,15,R,LE3,T,2,2,health,services,reputation,mother,2,2,0,1,1,0,0,1,1,1,0,4,1,3,1,3,4,0,11,10,11,Portuguese,464,0,0,0,0,1,1,3,3,1,10.666666666666666,Average
GP,F,15,R,LE3,T,3,1,other,other,reputation,father,2,4,0,0,1,0,0,0,1,1,0,4,4,2,2,3,3,6,15,15,15,Portuguese,465,0,0,0,0,1,2,2,3,0,15.0,High
GP,M,16,U,GT3,T,3,1,other,other,reputation,father,2,4,0,0,1,0,0,1,1,1,0,4,3,2,1,1,5,2,13,11,11,Portuguese,466,0,1,1,1,1,2,2,3,0,11.666666666666666,Average
GP,M,15,U,GT3,T,4,2,other,other,course,mother,1,4,0,0,0,0,0,1,1,1,0,3,3,3,1,1,3,0,11,9,10,Portuguese,467,0,1,1,1,1,2,2,0,1,10.0,Average
GP,F,15,R,GT3,T,1,1,other,other,reputation,mother,1,2,0,1,1,0,0,0,1,1,1,3,3,4,2,4,5,2,13,11,11,Portuguese,468,0,0,0,1,1,2,2,3,1,11.666666666666666,Average
GP,M,16,U,GT3,T,3,1,other,other,reputation,mother,1,1,0,0,0,0,1,1,1,0,0,5,3,2,2,2,5,0,13,13,14,Portuguese,469,0,1,1,1,1,2,2,3,1,13.333333333333334,Average
GP,F,16,U,GT3,T,3,3,other,services,home,mother,1,2,0,1,1,0,1,1,1,1,0,4,3,3,2,4,5,4,11,11,11,Portuguese,470,0,0,1,1,1,2,3,1,1,11.0,Average
GP,M,15,U,GT3,T,4,3,teacher,other,home,mother,1,2,0,0,1,0,1,1,1,1,0,4,3,3,2,3,5,0,11,11,11,Portuguese,471,0,1,1,1,1,4,2,1,1,11.0,Average
GP,M,15,U,GT3,T,4,0,teacher,other,course,mother,2,4,0,0,0,0,1,1,1,1,0,3,4,3,1,1,1,0,12,11,11,Portuguese,472,0,1,1,1,1,4,2,0,1,11.333333333333334,Average
GP,F,16,U,GT3,T,2,2,other,other,reputation,mother,1,4,0,0,0,0,0,1,1,1,1,5,2,3,1,3,3,1,13,13,13,Portuguese,473,0,0,1,1,1,2,2,3,1,13.0,Average
GP,M,17,U,GT3,T,2,1,other,other,home,mother,2,1,3,1,1,0,1,1,0,1,0,4,5,1,1,1,3,0,9,9,10,Portuguese,474,0,1,1,1,1,2,2,1,1,9.333333333333334,Average
GP,F,16,U,GT3,T,3,4,at_home,other,course,mother,1,2,0,0,1,0,0,1,1,1,0,2,4,3,1,2,3,14,12,11,11,Portuguese,475,0,0,1,1,1,0,2,0,1,11.333333333333334,Average
GP,M,15,U,GT3,T,2,3,other,services,course,father,1,1,0,1,1,0,1,0,1,1,1,3,2,2,1,3,3,0,11,11,12,Portuguese,476,0,1,1,1,1,2,3,0,0,11.333333333333334,Average
GP,M,15,U,GT3,T,2,3,other,other,home,mother,1,3,0,1,0,0,0,0,1,1,0,5,3,2,1,2,5,2,10,9,9,Portuguese,477,0,1,1,1,1,2,2,1,1,9.333333333333334,At-Risk
GP,F,15,U,LE3,T,3,2,services,other,reputation,mother,1,2,0,0,1,0,0,1,1,1,0,4,4,4,1,1,5,4,12,11,11,Portuguese,478,0,0,1,0,1,3,2,3,1,11.333333333333334,Average
GP,M,15,U,LE3,T,2,2,services,services,home,mother,2,2,0,0,0,1,1,1,1,1,0,5,3,3,1,3,4,2,13,12,13,Portuguese,479,0,1,1,0,1,3,3,1,1,12.666666666666666,Average
GP,F,15,U,GT3,T,1,1,other,other,home,father,1,2,0,0,1,0,1,0,1,1,0,4,3,2,2,3,4,2,13,12,12,Portuguese,480,0,0,1,1,1,2,2,1,0,12.333333333333334,Average
GP,F,15,U,GT3,T,4,4,services,services,reputation,father,2,2,0,0,0,0,0,1,1,1,1,4,4,4,2,3,5,4,12,11,12,Portuguese,481,0,0,1,1,1,3,3,3,0,11.666666666666666,Average
GP,F,16,U,LE3,T,2,2,at_home,other,course,mother,1,2,0,0,1,0,0,1,1,0,0,4,3,4,1,2,2,6,13,11,11,Portuguese,482,0,0,1,0,1,0,2,0,1,11.666666666666666,Average
GP,F,15,U,GT3,T,4,2,other,other,reputation,mother,1,3,0,0,1,0,1,1,1,1,0,5,3,3,1,3,1,4,15,15,15,Portuguese,483,0,0,1,1,1,2,2,3,1,15.0,High
GP,M,16,U,GT3,T,2,2,services,other,reputation,father,2,2,0,0,0,0,1,0,1,1,0,4,4,2,1,1,3,6,12,10,11,Portuguese,484,0,1,1,1,1,3,2,3,0,11.0,Average
GP,M,16,U,LE3,A,4,4,teacher,health,reputation,mother,1,2,0,0,1,0,0,1,1,0,0,4,1,3,3,5,5,6,9,9,10,Portuguese,485,0,1,1,0,0,4,1,3,1,9.333333333333334,Average
GP,F,16,U,GT3,T,3,3,other,other,home,mother,1,3,0,0,1,0,0,1,1,1,1,4,3,3,1,3,4,2,9,11,11,Portuguese,486,0,0,1,1,1,2,2,1,1,10.333333333333334,Average
GP,F,15,U,GT3,T,4,3,services,other,reputation,mother,1,1,0,0,0,0,1,1,1,1,0,4,5,5,1,3,1,6,14,13,13,Portuguese,487,0,0,1,1,1,3,2,3,1,13.333333333333334,Average
GP,F,16,U,LE3,T,3,1,other,other,home,father,1,2,0,1,1,0,0,1,1,0,0,3,3,3,2,3,2,0,12,13,12,Portuguese,488,0,0,1,0,1,2,2,1,0,12.333333333333334,Average
GP,F,16,U,GT3,T,4,2,teacher,services,home,mother,2,2,0,0,1,0,1,1,1,1,0,5,3,3,1,1,1,2,13,14,14,Portuguese,489,0,0,1,1,1,4,3,1,1,13.666666666666666,Average
GP,M,15,U,LE3,T,2,2,services,health,reputation,mother,1,4,0,0,1,0,1,1,1,1,0,4,3,4,1,1,4,2,11,12,12,Portuguese,490,0,1,1,0,1,3,1,3,1,11.666666666666666,Average
GP,F,15,R,GT3,T,1,1,at_home,other,home,mother,2,4,0,1,1,1,1,1,1,1,0,3,1,2,1,1,1,4,13,13,13,Portuguese,491,0,0,0,1,1,0,2,1,1,13.0,Average
GP,M,16,R,GT3,T,4,3,services,other,reputation,mother,2,1,0,1,1,1,1,0,1,1,0,3,3,3,1,1,4,6,9,11,11,Portuguese,492,0,1,0,1,1,3,2,3,1,10.333333333333334,Average
GP,F,16,U,GT3,T,2,1,other,other,course,mother,1,2,0,0,1,0,0,1,1,0,1,4,3,5,1,1,5,0,13,12,12,Portuguese,493,0,0,1,1,1,2,2,0,1,12.333333333333334,Average
GP,F,16,U,GT3,T,4,4,other,other,reputation,mother,1,1,0,0,0,0,1,0,1,1,0,5,3,4,1,2,1,4,12,13,13,Portuguese,494,0,0,1,1,1,2,2,3,1,12.666666666666666,Average
GP,F,16,U,GT3,T,4,3,other,at_home,course,mother,1,3,0,1,1,0,0,1,1,1,0,5,3,5,1,1,3,2,12,13,13,Portuguese,495,0,0,1,1,1,2,0,0,1,12.666666666666666,Average
GP,M,16,U,GT3,T,4,4,services,services,other,mother,1,1,0,1,1,0,1,1,1,1,0,4,5,5,5,5,4,12,9,9,8,Portuguese,496,0,1,1,1,1,3,3,2,1,8.666666666666666,At-Risk
GP,M,16,U,GT3,T,4,4,services,teacher,other,father,1,3,0,0,1,0,1,1,1,1,1,4,4,3,1,1,4,0,16,16,16,Portuguese,497,0,1,1,1,1,3,4,2,0,16.0,High
GP,M,15,U,GT3,T,4,4,services,other,course,mother,1,1,0,0,1,1,1,0,1,1,0,5,3,3,1,1,5,2,12,13,12,Portuguese,498,0,1,1,1,1,3,2,0,1,12.333333333333334,Average
GP,F,15,U,GT3,T,3,2,services,other,home,mother,2,2,0,1,1,0,0,1,1,1,0,4,3,5,1,1,2,16,11,10,10,Portuguese,499,0,0,1,1,1,3,2,1,1,10.333333333333334,Average
GP,M,15,U,GT3,A,3,4,services,other,course,mother,1,2,0,0,1,0,1,1,1,1,0,5,4,4,1,1,1,0,16,16,16,Portuguese,500,0,1,1,1,0,3,2,0,1,16.0,High
GP,F,15,U,GT3,A,3,3,other,health,reputation,father,1,4,0,1,0,0,0,1,1,0,0,4,3,3,1,1,4,10,10,10,10,Portuguese,501,0,0,1,1,0,2,1,3,0,10.0,Average
GP,F,15,U,GT3,T,2,2,other,other,course,mother,1,4,0,1,1,0,0,1,1,1,0,5,1,2,1,1,3,4,10,10,10,Portuguese,502,0,0,1,1,1,2,2,0,1,10.0,Average
GP,M,16,U,GT3,T,3,3,services,other,home,father,1,3,0,0,1,0,1,1,1,1,0,5,3,3,1,1,5,4,13,14,14,Portuguese,503,0,1,1,1,1,3,2,1,0,13.666666666666666,Average
GP,M,15,R,GT3,T,4,4,other,other,home,father,4,4,0,0,1,0,1,1,1,1,1,1,3,5,3,5,1,8,12,10,11,Portuguese,504,0,1,0,1,1,2,2,1,0,11.0,Average
GP,F,16,U,LE3,T,4,4,health,health,other,mother,1,3,0,0,1,0,1,1,1,1,1,5,4,5,1,1,4,2,15,15,14,Portuguese,505,0,0,1,0,1,1,1,2,1,14.666666666666666,Average
GP,M,15,U,LE3,A,4,4,teacher,teacher,course,mother,1,1,0,0,0,0,1,1,1,1,0,5,5,3,1,1,4,4,13,14,14,Portuguese,506,0,1,1,0,0,4,4,0,1,13.666666666666666,Average
GP,F,16,R,GT3,T,3,3,services,other,reputation,father,1,3,0,1,1,0,1,1,1,1,0,4,1,2,1,1,2,4,11,11,11,Portuguese,507,0,0,0,1,1,3,2,3,0,11.0,Average
GP,F,16,U,GT3,T,2,2,at_home,other,home,mother,1,2,1,1,0,0,1,1,1,1,0,3,1,2,1,1,5,12,8,10,10,Portuguese,508,0,0,1,1,1,0,2,1,1,9.333333333333334,Average
GP,M,15,U,LE3,T,4,2,teacher,other,course,mother,1,1,0,0,0,0,0,1,1,1,0,3,5,2,1,1,3,10,18,17,18,Portuguese,509,0,1,1,0,1,4,2,0,1,17.666666666666668,High
GP,M,15,R,GT3,T,2,1,health,services,reputation,mother,1,2,0,0,0,0,1,1,1,1,1,5,4,2,1,1,5,4,10,9,10,Portuguese,510,0,1,0,1,1,1,3,3,1,9.666666666666666,Average
GP,M,16,U,GT3,T,4,4,teacher,teacher,course,father,1,2,0,0,1,0,1,1,1,1,0,5,4,4,1,2,5,6,16,14,14,Portuguese,511,0,1,1,1,1,4,4,0,0,14.666666666666666,Average
GP,M,15,U,GT3,T,4,4,other,teacher,reputation,father,2,2,0,0,1,0,1,1,1,0,0,4,4,3,1,1,2,4,16,15,16,Portuguese,512,0,1,1,1,1,2,4,3,0,15.666666666666666,High
GP,M,16,U,GT3,T,3,3,other,services,home,father,2,1,0,0,0,0,1,1,1,1,0,5,4,2,1,1,5,6,14,14,15,Portuguese,513,0,1,1,1,1,2,3,1,0,14.333333333333334,High
GP,M,17,R,GT3,T,1,3,other,other,course,father,3,2,1,0,1,0,1,1,1,1,0,5,2,4,1,4,5,14,12,11,11,Portuguese,514,0,1,0,1,1,2,2,0,0,11.333333333333334,Average
GP,M,15,U,GT3,T,3,4,other,other,reputation,father,1,1,0,0,0,0,0,1,1,1,0,3,4,3,1,2,4,2,14,13,14,Portuguese,515,0,1,1,1,1,2,2,3,0,13.666666666666666,Average
GP,F,15,U,GT3,T,1,2,at_home,services,course,mother,1,2,0,0,0,0,0,0,1,1,0,3,2,3,1,2,1,0,14,14,14,Portuguese,516,0,0,1,1,1,0,3,0,1,14.0,Average
GP,M,15,U,GT3,T,2,2,services,services,home,father,1,4,0,0,1,0,1,1,1,1,0,5,5,4,1,2,5,6,14,13,13,Portuguese,517,0,1,1,1,1,3,3,1,0,13.333333333333334,Average
GP,F,16,U,LE3,T,2,4,other,health,course,father,2,2,0,0,1,0,1,1,1,1,1,4,2,2,1,2,5,2,14,12,13,Portuguese,518,0,0,1,0,1,2,1,0,0,13.0,Average
GP,M,16,U,GT3,T,4,4,health,other,course,mother,1,1,0,0,1,0,1,1,1,1,0,3,4,4,1,4,5,4,12,13,13,Portuguese,519,0,1,1,1,1,1,2,0,1,12.666666666666666,Average
GP,F,16,U,GT3,T,2,2,other,other,home,mother,1,2,0,0,0,0,0,1,1,1,1,5,4,4,1,1,5,0,12,11,11,Portuguese,520,0,0,1,1,1,2,2,1,1,11.333333333333334,Average
GP,M,15,U,GT3,T,3,4,services,services,home,father,1,1,0,1,0,0,0,1,1,1,0,5,5,5,3,2,5,2,9,9,9,Portuguese,521,0,1,1,1,1,3,3,1,0,9.0,At-Risk
GP,F,15,U,LE3,A,3,4,other,other,home,mother,1,2,0,1,0,0,1,1,1,1,1,5,3,2,1,1,1,0,10,11,11,Portuguese,522,0,0,1,0,0,2,2,1,1,10.666666666666666,Average
GP,F,19,U,GT3,T,0,1,at_home,other,course,other,1,2,2,0,1,0,0,0,0,0,0,3,4,2,1,1,5,0,9,10,11,Portuguese,523,0,0,1,1,1,0,2,0,2,10.0,Average
GP,M,16,R,GT3,T,4,4,teacher,teacher,course,mother,1,1,0,0,0,0,1,1,1,1,0,3,5,5,2,5,4,8,14,14,15,Portuguese,524,0,1,0,1,1,4,4,0,1,14.333333333333334,High
GP,M,16,U,GT3,T,2,3,other,other,course,mother,2,3,0,0,1,0,0,0,1,1,1,3,2,3,2,2,1,4,13,12,13,Portuguese,525,0,1,1,1,1,2,2,0,1,12.666666666666666,Average
GP,F,15,R,GT3,T,3,4,services,teacher,course,father,2,3,0,0,1,0,0,1,1,1,1,4,2,2,2,2,5,0,10,11,12,Portuguese,526,0,0,0,1,1,3,4,0,0,11.0,Average
GP,F,18,U,GT3,T,2,1,services,other,reputation,mother,1,2,3,0,1,0,1,1,0,1,1,5,4,5,1,3,5,10,10,9,8,Portuguese,527,0,0,1,1,1,3,2,3,1,9.0,At-Risk
GP,F,17,U,LE3,A,2,1,other,other,course,mother,3,1,0,0,1,0,0,1,1,1,0,3,2,2,1,2,5,8,11,10,11,Portuguese,528,0,0,1,0,0,2,2,0,1,10.666666666666666,Average
GP,F,15,U,GT3,T,1,1,at_home,other,course,mother,3,1,0,0,1,0,1,0,1,1,1,4,3,3,1,2,4,6,11,12,13,Portuguese,529,0,0,1,1,1,0,2,0,1,12.0,Average
GP,F,17,U,LE3,T,2,2,other,other,course,father,1,1,0,0,1,0,0,1,1,1,1,3,4,4,1,3,5,2,13,12,12,Portuguese,530,0,0,1,0,1,2,2,0,0,12.333333333333334,Average
GP,F,16,U,GT3,A,3,4,services,other,course,father,1,1,0,0,0,0,0,1,1,1,0,3,2,1,1,4,5,12,15,13,14,Portuguese,531,0,0,1,1,0,3,2,0,0,14.0,Average
GP,M,16,U,GT3,T,2,1,at_home,other,course,mother,4,1,0,0,0,0,0,1,1,0,0,3,2,1,1,1,2,4,9,9,11,Portuguese,532,0,1,1,1,1,0,2,0,1,9.666666666666666,Average
GP,F,16,U,GT3,A,2,2,other,other,home,mother,1,1,1,0,0,0,0,1,1,0,0,5,3,4,1,1,5,12,13,11,11,Portuguese,533,0,0,1,1,0,2,2,1,1,11.666666666666666,Average
GP,M,15,R,GT3,T,3,4,at_home,teacher,course,mother,4,2,0,0,1,0,0,1,1,0,1,5,3,3,1,1,5,2,12,11,11,Portuguese,534,0,1,0,1,1,0,4,0,1,11.333333333333334,Average
GP,F,15,U,GT3,T,4,4,services,at_home,course,mother,1,3,0,0,1,0,1,1,1,1,1,4,3,3,1,1,5,4,13,14,15,Portuguese,535,0,0,1,1,1,3,0,0,1,14.0,High
GP,M,17,R,GT3,T,3,4,at_home,other,course,mother,3,2,0,0,0,0,0,1,1,0,0,5,4,5,2,4,5,2,10,9,10,Portuguese,536,0,1,0,1,1,0,2,0,1,9.666666666666666,Average
GP,F,16,R,GT3,T,1,1,at_home,other,course,mother,4,2,0,0,1,0,0,1,1,0,0,5,1,3,1,1,3,0,14,13,13,Portuguese,537,0,0,0,1,1,0,2,0,1,13.333333333333334,Average
GP,M,18,U,LE3,T,3,1,services,services,course,mother,2,1,0,0,0,0,1,1,1,1,1,3,3,4,4,5,4,2,11,11,12,Portuguese,538,0,1,1,0,1,3,3,0,1,11.333333333333334,Average
GP,F,18,U,GT3,A,3,2,other,services,course,other,1,3,0,0,1,0,1,0,1,1,1,4,3,3,5,1,5,10,12,11,11,Portuguese,539,0,0,1,1,0,2,3,0,2,11.333333333333334,Average
GP,F,16,R,GT3,T,1,1,other,services,reputation,mother,2,1,0,0,1,0,1,1,1,0,1,3,3,3,1,2,1,8,12,11,11,Portuguese,540,0,0,0,1,1,2,3,3,1,11.333333333333334,Average
GP,F,16,U,GT3,A,3,3,other,other,course,other,2,1,0,0,1,0,1,0,1,1,1,4,3,2,1,1,5,4,9,9,10,Portuguese,541,0,0,1,1,0,2,2,0,2,9.333333333333334,Average
GP,M,16,U,LE3,T,1,1,services,other,course,mother,1,2,2,0,0,0,0,1,1,0,1,4,4,4,1,3,5,0,10,10,10,Portuguese,542,0,1,1,0,1,3,2,0,1,10.0,Average
GP,F,15,U,GT3,T,4,4,teacher,teacher,course,mother,2,1,0,0,0,0,1,1,1,1,0,4,3,2,1,1,5,6,13,14,14,Portuguese,543,0,0,1,1,1,4,4,0,1,13.666666666666666,Average
GP,F,15,R,GT3,T,1,1,other,other,course,mother,3,1,1,0,0,0,1,1,1,1,1,5,5,5,1,1,1,2,8,9,9,Portuguese,544,0,0,0,1,1,2,2,0,1,8.666666666666666,At-Risk
GP,M,15,U,GT3,T,4,3,teacher,services,course,father,2,4,0,1,1,0,0,1,1,1,0,2,2,2,1,1,3,6,9,11,11,Portuguese,545,0,1,1,1,1,4,3,0,0,10.333333333333334,Average
GP,F,15,U,GT3,A,3,3,services,services,home,mother,1,2,0,0,0,0,0,0,1,0,1,1,3,2,2,3,1,24,9,8,9,Portuguese,546,0,0,1,1,0,3,3,1,1,8.666666666666666,At-Risk
GP,M,16,U,GT3,T,4,4,services,services,course,mother,1,3,0,0,1,0,1,1,1,1,0,5,3,3,1,3,5,0,15,13,13,Portuguese,547,0,1,1,1,1,3,3,0,1,13.666666666666666,Average
GP,M,16,U,LE3,T,2,2,services,services,reputation,father,2,1,0,0,1,0,1,1,1,1,0,2,3,3,2,2,2,4,12,11,11,Portuguese,548,0,1,1,0,1,3,3,3,0,11.333333333333334,Average
GP,F,15,U,GT3,T,4,4,teacher,services,course,mother,1,3,0,0,1,0,1,1,1,1,0,4,2,2,1,1,5,2,13,13,13,Portuguese,549,0,0,1,1,1,4,3,0,1,13.0,Average
GP,F,16,U,LE3,T,1,1,at_home,at_home,course,mother,1,1,0,0,0,0,0,1,1,1,0,3,4,4,3,3,1,4,10,11,11,Portuguese,550,0,0,1,0,1,0,0,0,1,10.666666666666666,Average
GP,M,17,U,GT3,T,2,1,other,other,home,mother,1,1,0,0,1,0,0,1,1,1,0,5,4,5,1,2,5,22,9,7,6,Portuguese,551,0,1,1,1,1,2,2,1,1,7.333333333333333,At-Risk
GP,F,15,U,GT3,T,1,1,other,services,course,father,1,2,0,0,1,0,0,1,1,1,0,4,4,2,1,2,5,0,12,12,12,Portuguese,552,0,0,1,1,1,2,3,0,0,12.0,Average
GP,F,15,U,LE3,A,2,1,at_home,other,home,mother,2,1,0,0,1,0,1,1,0,1,1,4,4,2,1,1,5,0,11,10,10,Portuguese,553,0,0,1,0,0,0,2,1,1,10.333333333333334,Average
GP,F,15,U,GT3,T,3,2,health,services,home,father,1,2,1,0,1,0,0,1,1,1,0,3,3,2,1,1,3,2,11,11,11,Portuguese,554,0,0,1,1,1,1,3,1,0,11.0,Average
GP,F,15,U,GT3,T,1,2,at_home,other,course,mother,1,2,0,0,1,0,0,0,1,1,0,4,3,2,1,1,5,6,13,12,13,Portuguese,555,0,0,1,1,1,0,2,0,1,12.666666666666666,Average
GP,F,15,U,GT3,T,1,2,at_home,services,course,father,1,2,0,0,0,0,0,0,1,0,1,2,3,4,2,4,1,6,11,11,11,Portuguese,556,0,0,1,1,1,0,3,0,0,11.0,Average
GP,M,16,U,GT3,T,4,4,teacher,teacher,course,mother,1,1,0,0,1,0,0,1,0,1,1,3,3,2,2,1,5,16,9,9,8,Portuguese,557,0,1,1,1,1,4,4,0,1,8.666666666666666,At-Risk
GP,M,15,U,LE3,A,2,1,services,other,course,mother,4,1,0,0,0,0,0,1,1,1,0,4,5,5,2,5,5,0,12,11,11,Portuguese,558,0,1,1,0,0,3,2,0,1,11.333333333333334,Average
GP,M,18,U,LE3,T,1,1,other,other,course,mother,1,1,2,0,0,0,0,1,0,1,1,2,3,5,2,5,4,0,11,9,0,Portuguese,559,0,1,1,0,1,2,2,0,1,6.666666666666667,At-Risk
GP,M,16,U,LE3,T,2,1,at_home,other,course,mother,1,1,1,0,0,0,1,1,1,0,1,4,4,4,3,5,5,6,9,10,10,Portuguese,560,0,1,1,0,1,0,2,0,1,9.666666666666666,Average
GP,F,15,R,GT3,T,3,3,services,services,reputation,other,2,3,0,0,1,1,1,1,1,1,1,4,2,1,2,3,3,2,13,13,13,Portuguese,561,0,0,0,1,1,3,3,3,2,13.0,Average
GP,M,19,U,GT3,T,3,2,services,at_home,home,mother,1,1,0,0,1,0,0,1,0,1,1,4,5,4,1,1,4,6,11,9,11,Portuguese,562,0,1,1,1,1,3,0,1,1,10.333333333333334,Average
GP,F,17,U,GT3,T,4,4,other,teacher,course,mother,1,1,0,1,1,0,0,1,1,0,1,4,2,1,1,1,4,0,13,13,13,Portuguese,563,0,0,1,1,1,2,4,0,1,13.0,Average
GP,M,15,R,GT3,T,2,3,at_home,services,course,mother,1,2,0,1,0,1,1,1,1,0,0,4,4,4,1,1,1,0,7,8,8,Portuguese,564,0,1,0,1,1,0,3,0,1,7.666666666666667,At-Risk
GP,M,17,R,LE3,T,1,2,other,other,reputation,mother,1,1,3,0,0,0,0,1,1,0,0,2,2,2,3,3,5,14,9,8,10,Portuguese,565,0,1,0,0,1,2,2,3,1,9.0,Average
GP,F,18,R,GT3,T,1,1,at_home,other,course,mother,3,1,3,0,1,0,1,0,1,0,0,5,2,5,1,5,4,6,11,10,11,Portuguese,566,0,0,0,1,1,0,2,0,1,10.666666666666666,Average
GP,M,16,R,GT3,T,2,2,at_home,other,course,mother,3,1,0,0,0,0,0,0,1,0,0,4,2,2,1,2,3,4,12,10,11,Portuguese,567,0,1,0,1,1,0,2,0,1,11.0,Average
GP,M,16,U,GT3,T,3,3,other,services,course,father,1,2,1,0,1,0,0,1,1,1,1,4,5,5,4,4,5,0,10,10,1,Portuguese,568,0,1,1,1,1,2,3,0,0,7.0,At-Risk
GP,M,16,U,LE3,T,1,2,health,services,course,mother,2,1,2,0,0,0,0,0,1,1,0,4,4,5,3,5,5,0,9,8,10,Portuguese,569,0,1,1,0,1,1,3,0,1,9.0,Average
GP,M,17,R,LE3,T,2,1,at_home,other,course,mother,2,1,1,0,0,1,1,1,0,1,1,3,3,2,2,2,5,8,8,8,9,Portuguese,570,0,1,0,0,1,0,2,0,1,8.333333333333334,At-Risk
GP,M,17,R,GT3,T,3,2,other,other,course,mother,2,2,2,1,1,0,0,1,1,1,1,4,4,4,1,4,3,4,7,6,8,Portuguese,571,0,1,0,1,1,2,2,0,1,7.0,At-Risk
GP,M,15,U,LE3,T,1,2,other,other,course,mother,2,1,0,0,0,0,1,1,1,0,0,4,4,4,2,4,5,2,8,9,10,Portuguese,572,0,1,1,0,1,2,2,0,1,9.0,Average
GP,M,16,U,GT3,T,1,3,at_home,services,course,father,1,1,1,0,0,0,0,1,0,1,0,5,3,3,1,4,2,2,9,8,8,Portuguese,573,0,1,1,1,1,0,3,0,0,8.333333333333334,At-Risk
GP,M,17,R,LE3,T,1,1,other,services,course,mother,4,2,0,0,0,0,1,1,0,0,1,5,3,5,1,5,5,0,8,8,8,Portuguese,574,0,1,0,0,1,2,3,0,1,8.0,At-Risk
GP,M,17,U,GT3,T,3,2,services,services,course,mother,2,1,3,0,1,0,1,0,0,0,0,4,5,2,1,1,2,10,8,7,8,Portuguese,575,0,1,1,1,1,3,3,0,1,7.666666666666667,At-Risk
GP,M,16,U,GT3,T,2,2,other,other,course,father,1,2,0,0,0,0,0,1,0,1,0,4,3,5,2,4,4,0,9,10,11,Portuguese,576,0,1,1,1,1,2,2,0,0,10.0,Average
GP,F,16,U,GT3,T,4,2,health,services,home,father,1,2,0,0,0,0,0,1,1,1,1,4,2,3,1,1,3,0,17,17,18,Portuguese,577,0,0,1,1,1,1,3,1,0,17.333333333333332,High
GP,F,16,U,GT3,T,2,2,other,other,home,mother,1,2,0,0,1,0,0,0,1,1,0,5,1,5,1,1,4,0,12,12,13,Portuguese,578,0,0,1,1,1,2,2,1,1,12.333333333333334,Average
GP,F,16,U,GT3,T,4,4,health,health,reputation,mother,1,2,0,0,1,0,0,1,1,1,1,4,4,2,1,1,3,0,16,16,17,Portuguese,579,0,0,1,1,1,1,1,3,1,16.333333333333332,High
GP,M,16,U,GT3,T,3,4,other,other,course,father,3,1,1,0,1,0,1,0,1,1,0,3,4,5,2,4,2,4,9,9,10,Portuguese,580,0,1,1,1,1,2,2,0,0,9.333333333333334,Average
GP,M,16,U,GT3,T,1,0,other,other,reputation,mother,2,2,0,0,1,0,1,1,1,1,1,4,3,2,1,1,3,0,16,17,18,Portuguese,581,0,1,1,1,1,2,2,3,1,17.0,High
GP,M,17,U,LE3,T,4,4,teacher,other,reputation,mother,1,2,0,0,1,0,1,1,1,1,0,4,4,4,1,3,5,0,11,9,10,Portuguese,582,0,1,1,0,1,4,2,3,1,10.0,Average
GP,F,16,U,GT3,T,1,3,at_home,services,home,mother,1,2,0,0,0,0,1,0,1,1,1,4,3,5,1,1,3,0,14,13,13,Portuguese,583,0,0,1,1,1,0,3,1,1,13.333333333333334,Average
GP,F,16,U,LE3,T,3,3,other,other,reputation,mother,2,2,0,0,1,0,1,1,1,1,0,4,4,5,1,1,4,0,14,14,15,Portuguese,584,0,0,1,0,1,2,2,3,1,14.333333333333334,High
GP,M,17,U,LE3,T,4,3,teacher,other,course,mother,2,2,0,0,0,0,1,1,1,1,0,4,4,4,4,4,4,0,10,11,11,Portuguese,585,0,1,1,0,1,4,2,0,1,10.666666666666666,Average
GP,F,16,U,GT3,T,2,2,services,other,reputation,mother,2,2,0,0,0,0,1,0,1,1,0,3,4,4,1,4,5,0,13,12,14,Portuguese,586,0,0,1,1,1,3,2,3,1,13.0,Average
GP,M,17,U,GT3,T,3,3,other,other,reputation,father,1,2,0,0,0,0,1,0,1,1,0,4,3,4,1,4,4,4,11,9,10,Portuguese,587,0,1,1,1,1,2,2,3,0,10.0,Average
GP,M,16,R,GT3,T,4,2,teacher,services,other,mother,1,1,0,0,1,0,1,1,1,1,1,4,3,3,3,4,3,8,10,9,11,Portuguese,588,0,1,0,1,1,4,3,2,1,10.0,Average
GP,M,17,U,GT3,T,4,3,other,other,course,mother,1,2,0,0,1,1,1,1,1,1,1,5,2,3,1,1,2,4,11,11,13,Portuguese,589,0,1,1,1,1,2,2,0,1,11.666666666666666,Average
GP,M,16,U,GT3,T,4,3,teacher,other,home,mother,1,2,0,0,1,1,1,1,1,1,0,3,4,3,2,3,3,4,11,10,11,Portuguese,590,0,1,1,1,1,4,2,1,1,10.666666666666666,Average
GP,M,16,U,GT3,T,3,3,services,other,home,mother,1,2,0,0,0,0,1,1,1,1,1,4,2,3,1,2,3,0,11,12,13,Portuguese,591,0,1,1,1,1,3,2,1,1,12.0,Average
GP,F,17,U,GT3,T,2,4,services,services,reputation,father,1,2,0,0,1,0,1,1,1,0,0,5,4,2,2,3,5,0,17,18,17,Portuguese,592,0,0,1,1,1,3,3,3,0,17.333333333333332,High
GP,F,17,U,LE3,T,3,3,other,other,reputation,mother,1,2,0,0,1,0,1,1,1,1,1,5,3,3,2,3,1,32,14,13,14,Portuguese,593,0,0,1,0,1,2,2,3,1,13.666666666666666,Average
GP,F,16,U,GT3,T,3,2,other,other,reputation,mother,1,2,0,0,1,0,0,1,1,1,0,1,2,2,1,2,1,8,14,15,16,Portuguese,594,0,0,1,1,1,2,2,3,1,15.0,High
GP,M,17,U,GT3,T,3,3,services,services,other,mother,1,2,0,0,1,0,1,1,1,1,1,4,3,4,2,3,4,6,11,13,14,Portuguese,595,0,1,1,1,1,3,3,2,1,12.666666666666666,Average
GP,M,16,U,GT3,T,1,2,services,services,other,mother,1,1,0,0,1,0,1,1,1,1,1,3,3,3,1,2,3,0,10,9,11,Portuguese,596,0,1,1,1,1,3,3,2,1,10.0,Average
GP,M,16,U,LE3,T,2,1,other,other,course,mother,1,2,0,0,0,0,1,1,1,1,1,4,2,3,1,2,5,0,13,14,16,Portuguese,597,0,1,1,0,1,2,2,0,1,14.333333333333334,High
GP,F,17,U,GT3,A,3,3,health,other,reputation,mother,1,2,0,0,1,0,0,0,1,1,1,3,3,3,1,3,3,10,12,13,14,Portuguese,598,0,0,1,1,0,1,2,3,1,13.0,Average
GP,M,17,R,GT3,T,1,2,at_home,other,home,mother,1,2,0,0,0,0,0,1,1,0,0,3,1,3,1,5,3,6,9,9,10,Portuguese,599,0,1,0,1,1,0,2,1,1,9.333333333333334,Average
GP,F,16,U,GT3,T,2,3,services,services,course,mother,1,2,0,0,0,0,0,1,1,1,0,4,3,3,1,1,2,6,12,12,13,Portuguese,600,0,0,1,1,1,3,3,0,1,12.333333333333334,Average
GP,F,17,U,GT3,T,1,1,at_home,services,course,mother,1,2,0,0,0,0,1,1,1,1,0,5,3,3,1,1,3,0,12,11,12,Portuguese,601,0,0,1,1,1,0,3,0,1,11.666666666666666,Average
GP,M,17,U,GT3,T,1,2,at_home,services,other,other,2,2,0,0,0,0,1,0,1,1,0,4,4,4,4,5,5,16,10,11,12,Portuguese,602,0,1,1,1,1,0,3,2,2,11.0,Average
GP,M,16,R,GT3,T,3,3,services,services,reputation,mother,1,1,0,0,1,0,1,1,1,1,0,4,3,2,3,4,5,0,11,10,10,Portuguese,603,0,1,0,1,1,3,3,3,1,10.333333333333334,Average
GP,M,16,U,GT3,T,2,3,other,other,home,father,2,1,0,0,0,0,0,1,1,1,0,5,3,3,1,1,3,0,13,12,12,Portuguese,604,0,1,1,1,1,2,2,1,0,12.333333333333334,Average
GP,F,17,U,LE3,T,2,4,services,services,course,father,1,2,0,0,0,0,1,1,1,1,1,4,3,2,1,1,5,8,14,15,16,Portuguese,605,0,0,1,0,1,3,3,0,0,15.0,High
GP,M,17,U,GT3,T,4,4,services,teacher,home,mother,1,1,0,0,0,0,0,1,1,1,0,5,2,3,1,2,5,4,13,13,14,Portuguese,606,0,1,1,1,1,3,4,1,1,13.333333333333334,Average
GP,M,16,R,LE3,T,3,3,teacher,other,home,father,3,1,0,0,1,0,1,1,1,1,0,3,3,4,3,5,3,16,10,11,12,Portuguese,607,0,1,0,0,1,4,2,1,0,11.0,Average
GP,F,17,U,GT3,T,4,4,services,teacher,home,mother,2,1,1,0,1,0,0,1,1,1,0,4,2,4,2,3,2,30,14,15,16,Portuguese,608,0,0,1,1,1,3,4,1,1,15.0,High
GP,F,16,U,LE3,T,4,4,teacher,teacher,reputation,mother,1,2,0,0,1,0,0,1,1,1,0,4,5,2,1,2,3,0,11,10,11,Portuguese,609,0,0,1,0,1,4,4,3,1,10.666666666666666,Average
GP,F,16,U,GT3,T,4,3,health,other,home,mother,1,2,0,0,1,0,1,1,1,1,0,4,3,5,1,5,2,2,14,14,15,Portuguese,610,0,0,1,1,1,1,2,1,1,14.333333333333334,High
GP,F,16,U,GT3,T,2,3,other,other,reputation,mother,1,2,0,1,1,0,1,1,1,0,0,4,4,3,1,3,4,4,11,12,12,Portuguese,611,0,0,1,1,1,2,2,3,1,11.666666666666666,Average
GP,F,17,U,GT3,T,1,1,other,other,course,mother,1,2,0,0,1,0,0,0,1,0,0,4,4,4,1,3,1,0,14,15,15,Portuguese,612,0,0,1,1,1,2,2,0,1,14.666666666666666,High
GP,F,17,R,GT3,T,2,2,other,other,reputation,mother,1,1,0,0,1,0,0,1,1,1,0,5,3,2,1,2,3,21,13,13,13,Portuguese,613,0,0,0,1,1,2,2,3,1,13.0,Average
GP,F,16,R,GT3,T,2,2,services,services,reputation,mother,2,4,0,0,1,0,1,0,1,1,0,5,3,5,1,1,5,6,13,13,13,Portuguese,614,0,0,0,1,1,3,3,3,1,13.0,Average
GP,F,17,U,GT3,T,3,4,at_home,services,home,mother,1,3,1,0,1,1,0,1,1,1,1,4,4,3,3,4,5,14,8,9,8,Portuguese,615,0,0,1,1,1,0,3,1,1,8.333333333333334,At-Risk
GP,F,16,U,GT3,A,3,1,services,other,course,mother,1,2,0,0,1,0,0,1,1,1,0,2,3,3,2,2,4,2,11,11,12,Portuguese,616,0,0,1,1,0,3,2,0,1,11.333333333333334,Average
GP,F,16,U,GT3,T,4,3,teacher,other,other,mother,1,2,0,0,0,0,1,1,1,1,1,1,3,2,1,1,1,4,14,15,15,Portuguese,617,0,0,1,1,1,4,2,2,1,14.666666666666666,High
GP,F,16,U,GT3,T,1,1,at_home,other,home,mother,2,1,0,0,1,0,0,1,1,0,0,4,3,2,1,4,5,2,12,13,13,Portuguese,618,0,0,1,1,1,0,2,1,1,12.666666666666666,Average
GP,F,17,R,GT3,T,4,3,teacher,other,reputation,mother,2,3,0,0,1,0,1,1,1,1,1,4,4,2,1,1,4,0,11,12,12,Portuguese,619,0,0,0,1,1,4,2,3,1,11.666666666666666,Average
GP,F,19,U,GT3,T,3,3,other,other,reputation,other,1,4,0,0,1,0,1,1,1,1,0,4,3,3,1,2,3,4,12,12,12,Portuguese,620,0,0,1,1,1,2,2,3,2,12.0,Average
GP,M,17,U,LE3,T,4,4,services,other,home,mother,1,2,0,0,1,0,0,1,1,1,1,5,3,5,4,5,3,15,13,12,12,Portuguese,621,0,1,1,0,1,3,2,1,1,12.333333333333334,Average
GP,F,16,U,GT3,A,2,2,other,other,reputation,mother,1,2,0,1,1,0,0,1,1,1,0,3,3,4,1,1,4,0,13,13,13,Portuguese,622,0,0,1,1,0,2,2,3,1,13.0,Average
GP,M,18,U,GT3,T,2,2,services,other,home,mother,1,2,0,0,1,0,1,1,1,1,0,4,4,4,2,4,5,10,12,11,11,Portuguese,623,0,1,1,1,1,3,2,1,1,11.333333333333334,Average
GP,F,17,R,LE3,T,4,4,services,other,other,mother,1,1,0,0,1,0,0,1,1,0,0,5,2,1,1,2,3,6,12,11,11,Portuguese,624,0,0,0,0,1,3,2,2,1,11.333333333333334,Average
GP,F,17,U,LE3,T,3,2,other,other,reputation,mother,2,2,0,0,0,0,0,1,1,1,0,4,4,4,1,3,1,2,14,16,15,Portuguese,625,0,0,1,0,1,2,2,3,1,15.0,High
GP,F,17,U,GT3,T,4,3,other,other,reputation,mother,1,2,0,0,0,0,0,1,1,1,1,3,4,5,2,4,1,16,11,9,10,Portuguese,626,0,0,1,1,1,2,2,3,1,10.0,Average
GP,M,18,U,LE3,T,3,3,services,health,home,father,1,2,0,0,1,0,0,1,1,1,0,3,2,4,2,4,4,10,10,10,10,Portuguese,627,0,1,1,0,1,3,1,1,0,10.0,Average
GP,F,17,U,GT3,T,2,3,at_home,other,home,father,2,1,0,0,1,0,0,1,1,0,0,3,3,3,1,4,3,4,12,13,13,Portuguese,628,0,0,1,1,1,0,2,1,0,12.666666666666666,Average
GP,F,17,U,GT3,T,2,2,at_home,at_home,course,mother,1,3,0,0,1,0,1,1,1,1,0,4,3,3,1,1,4,0,12,12,13,Portuguese,629,0,0,1,1,1,0,0,0,1,12.333333333333334,Average
GP,F,17,R,GT3,T,2,1,at_home,services,reputation,mother,2,2,0,0,1,0,1,1,1,1,0,4,2,5,1,2,5,0,11,10,11,Portuguese,630,0,0,0,1,1,0,3,3,1,10.666666666666666,Average
GP,F,17,U,GT3,T,1,1,at_home,other,reputation,mother,1,3,0,0,1,0,1,1,1,0,1,4,3,4,1,1,5,12,12,12,12,Portuguese,631,0,0,1,1,1,0,2,3,1,12.0,Average
GP,F,16,U,GT3,T,2,3,services,teacher,other,mother,1,2,0,1,0,0,0,1,1,1,0,2,3,1,1,1,3,0,13,13,14,Portuguese,632,0,0,1,1,1,3,4,2,1,13.333333333333334,Average
GP,M,18,U,GT3,T,2,2,other,other,home,mother,2,2,3,0,1,1,0,1,1,1,0,3,3,3,5,5,4,9,10,9,10,Portuguese,633,0,1,1,1,1,2,2,1,1,9.666666666666666,Average
GP,F,16,U,GT3,T,4,4,teacher,services,home,mother,1,3,0,0,1,0,1,0,1,1,0,5,3,2,1,1,5,4,15,16,16,Portuguese,634,0,0,1,1,1,4,3,1,1,15.666666666666666,High
GP,F,18,R,GT3,T,3,1,other,other,reputation,mother,1,2,0,0,0,0,1,1,1,1,1,5,3,3,1,1,4,4,8,8,8,Portuguese,635,0,0,0,1,1,2,2,3,1,8.0,At-Risk
GP,F,17,U,GT3,T,3,2,other,other,course,mother,1,2,0,0,0,0,1,0,1,1,0,5,3,4,1,3,3,2,17,18,17,Portuguese,636,0,0,1,1,1,2,2,0,1,17.333333333333332,High
GP,M,17,U,LE3,T,2,3,services,services,reputation,father,1,2,0,0,1,0,0,0,1,1,0,5,3,3,1,3,3,0,10,11,11,Portuguese,637,0,1,1,0,1,3,3,3,0,10.666666666666666,Average
GP,M,18,U,LE3,T,2,1,at_home,other,course,mother,4,2,0,1,1,0,1,1,1,1,1,4,3,2,4,5,3,2,9,10,11,Portuguese,638,0,1,1,0,1,0,2,0,1,10.0,Average
GP,F,17,U,GT3,A,2,1,other,other,course,mother,2,3,0,0,0,0,1,1,1,1,1,3,2,3,1,2,3,0,15,15,16,Portuguese,639,0,0,1,1,0,2,2,0,1,15.333333333333334,High
GP,F,17,U,LE3,T,4,3,health,other,reputation,father,1,2,0,0,0,0,1,1,1,1,1,3,2,3,1,2,3,0,14,12,12,Portuguese,640,0,0,1,0,1,1,2,3,0,12.666666666666666,Average
GP,M,17,R,GT3,T,2,2,other,other,course,father,2,2,0,0,1,0,1,1,1,1,0,4,5,2,1,1,1,0,12,13,13,Portuguese,641,0,1,0,1,1,2,2,0,0,12.666666666666666,Average
GP,M,17,U,GT3,T,4,4,teacher,teacher,reputation,mother,1,2,0,1,1,0,1,1,1,1,1,4,5,5,1,3,2,0,13,13,13,Portuguese,642,0,1,1,1,1,4,4,3,1,13.0,Average
GP,M,16,U,GT3,T,4,4,health,other,reputation,father,1,2,0,0,1,0,1,1,1,1,0,4,2,4,2,4,1,0,13,13,14,Portuguese,643,0,1,1,1,1,1,2,3,0,13.333333333333334,Average
GP,M,16,U,LE3,T,1,1,other,other,home,mother,2,2,0,0,1,0,0,1,1,1,0,3,4,2,1,1,5,2,9,9,9,Portuguese,644,0,1,1,0,1,2,2,1,1,9.0,At-Risk
GP,M,16,U,GT3,T,3,2,at_home,other,reputation,mother,2,3,0,0,0,0,1,1,1,1,1,5,3,3,1,3,2,0,12,12,12,Portuguese,645,0,1,1,1,1,0,2,3,1,12.0,Average
GP,M,17,U,LE3,T,2,2,other,other,home,father,1,2,0,0,0,0,1,0,1,1,1,4,4,2,5,5,4,0,16,16,16,Portuguese,646,0,1,1,0,1,2,2,1,0,16.0,High
GP,F,16,U,GT3,T,2,1,other,other,home,mother,1,1,0,0,0,0,0,1,1,1,1,4,5,2,1,1,5,4,9,10,10,Portuguese,647,0,0,1,1,1,2,2,1,1,9.666666666666666,Average
GP,F,16,U,GT3,A,4,1,other,other,home,mother,1,2,0,0,0,0,1,1,1,1,1,5,3,3,1,2,5,0,14,13,13,Portuguese,648,0,0,1,1,0,2,2,1,1,13.333333333333334,Average
GP,F,18,U,LE3,A,2,4,services,other,course,mother,2,2,1,0,1,0,0,1,1,1,0,4,3,3,1,1,3,18,10,10,10,Portuguese,649,0,0,1,0,0,3,2,0,1,10.0,Average
GP,F,18,U,LE3,T,2,2,at_home,services,course,mother,1,2,1,0,1,0,0,0,1,1,1,5,3,1,1,1,5,16,9,8,10,Portuguese,650,0,0,1,0,1,0,3,0,1,9.0,Average
GP,F,18,U,GT3,T,3,3,other,other,course,mother,2,1,1,0,0,0,0,1,0,1,0,4,1,1,1,1,3,14,8,7,7,Portuguese,651,0,0,1,1,1,2,2,0,1,7.333333333333333,At-Risk
GP,M,18,U,GT3,T,2,2,other,at_home,course,other,1,1,1,0,1,0,1,0,0,1,1,4,4,3,2,2,1,26,7,8,8,Portuguese,652,0,1,1,1,1,2,0,0,2,7.666666666666667,At-Risk
GP,M,17,U,GT3,T,4,4,teacher,teacher,course,mother,1,1,0,0,1,0,1,0,1,1,0,4,2,1,1,2,5,6,10,8,9,Portuguese,653,0,1,1,1,1,4,4,0,1,9.0,At-Risk
GP,F,17,U,GT3,T,3,2,other,other,course,father,1,2,0,0,0,0,1,1,1,0,0,5,4,2,1,1,3,4,14,14,15,Portuguese,654,0,0,1,1,1,2,2,0,0,14.333333333333334,High
GP,F,17,U,LE3,T,1,1,at_home,at_home,course,mother,1,3,0,0,1,0,1,1,1,1,1,4,3,2,1,2,4,10,11,10,10,Portuguese,655,0,0,1,0,1,0,0,0,1,10.333333333333334,Average
GP,F,16,U,GT3,T,1,2,other,other,course,mother,1,1,0,0,0,0,0,1,0,1,0,5,3,5,1,2,5,4,12,11,11,Portuguese,656,0,0,1,1,1,2,2,0,1,11.333333333333334,Average
GP,F,17,R,GT3,T,2,1,at_home,services,course,mother,3,2,0,0,0,0,1,1,1,0,0,2,1,1,1,1,3,2,13,13,13,Portuguese,657,0,0,0,1,1,0,3,0,1,13.0,Average
GP,F,17,R,LE3,A,1,4,other,other,course,other,4,1,1,0,1,0,0,1,1,1,0,5,5,4,1,1,5,14,9,9,8,Portuguese,658,0,0,0,0,0,2,2,0,2,8.666666666666666,At-Risk
GP,M,18,U,GT3,T,2,2,other,services,reputation,father,1,2,0,0,0,0,0,1,0,1,0,5,5,4,3,5,2,16,8,7,8,Portuguese,659,0,1,1,1,1,2,3,3,0,7.666666666666667,At-Risk
GP,F,17,U,LE3,A,2,2,other,other,home,mother,1,1,1,0,1,0,0,0,0,1,0,3,1,2,1,1,1,8,11,9,10,Portuguese,660,0,0,1,0,0,2,2,1,1,10.0,Average
GP,F,17,R,LE3,T,1,1,at_home,other,course,mother,2,3,0,0,0,0,1,1,1,1,0,4,3,3,1,3,5,4,15,14,15,Portuguese,661,0,0,0,0,1,0,2,0,1,14.666666666666666,High
GP,F,17,U,LE3,A,4,2,teacher,other,course,mother,1,2,0,0,1,0,1,1,1,0,0,4,3,2,1,1,4,4,15,14,14,Portuguese,662,0,0,1,0,0,4,2,0,1,14.333333333333334,Average
GP,M,17,U,LE3,T,4,3,health,other,course,mother,2,2,0,0,0,0,1,1,1,1,1,2,5,5,1,4,5,8,15,15,15,Portuguese,663,0,1,1,0,1,1,2,0,1,15.0,High
GP,M,17,R,LE3,A,4,4,teacher,other,course,mother,2,2,0,0,1,0,0,1,1,1,0,3,3,3,2,3,4,0,12,12,12,Portuguese,664,0,1,0,0,0,4,2,0,1,12.0,Average
GP,M,16,U,LE3,T,4,3,teacher,other,course,mother,1,1,0,0,0,0,1,0,1,1,0,5,4,5,1,1,3,7,14,14,15,Portuguese,665,0,1,1,0,1,4,2,0,1,14.333333333333334,High
GP,M,16,U,GT3,T,4,4,services,services,course,mother,1,1,0,0,0,1,1,1,1,1,0,5,3,2,1,2,5,4,14,15,15,Portuguese,666,0,1,1,1,1,3,3,0,1,14.666666666666666,High
GP,F,17,U,GT3,T,4,4,teacher,services,course,mother,1,2,0,0,1,1,0,1,1,1,1,5,3,1,1,4,5,2,11,11,12,Portuguese,667,0,0,1,1,1,4,3,0,1,11.333333333333334,Average
GP,M,17,R,GT3,T,1,1,other,other,home,father,2,3,0,0,0,0,0,0,1,1,1,4,3,3,1,1,1,2,13,14,15,Portuguese,668,0,1,0,1,1,2,2,1,0,14.0,High
GP,F,17,U,GT3,T,3,3,services,other,home,mother,2,3,0,0,1,0,0,1,1,1,1,4,2,2,2,3,5,10,11,11,11,Portuguese,669,0,0,1,1,1,3,2,1,1,11.0,Average
GP,F,17,U,GT3,T,1,1,at_home,other,course,mother,1,2,0,1,0,0,0,0,1,0,1,4,3,2,1,1,4,10,10,9,10,Portuguese,670,0,0,1,1,1,0,2,0,1,9.666666666666666,Average
GP,F,18,U,GT3,T,2,1,other,other,course,other,2,3,0,0,1,0,0,0,1,1,1,4,4,4,1,1,3,10,12,10,11,Portuguese,671,0,0,1,1,1,2,2,0,2,11.0,Average
GP,M,16,U,GT3,T,2,1,other,other,course,mother,3,1,0,0,0,0,0,1,1,1,0,4,3,3,1,1,4,7,15,16,16,Portuguese,672,0,1,1,1,1,2,2,0,1,15.666666666666666,High
GP,F,17,U,GT3,T,1,1,other,services,course,father,1,2,0,0,1,0,0,1,1,0,0,4,3,4,1,2,5,4,11,10,11,Portuguese,673,0,0,1,1,1,2,3,0,0,10.666666666666666,Average
GP,M,17,U,GT3,T,2,3,other,other,course,father,2,1,0,0,0,0,0,1,1,1,0,5,2,2,1,1,2,2,9,12,13,Portuguese,674,0,1,1,1,1,2,2,0,0,11.333333333333334,Average
GP,M,22,U,GT3,T,3,1,services,services,other,mother,1,1,3,0,0,0,0,0,0,1,1,5,4,5,5,5,1,12,7,8,5,Portuguese,675,0,1,1,1,1,3,3,2,1,6.666666666666667,At-Risk
GP,M,18,R,LE3,T,3,3,other,services,course,mother,1,2,0,0,1,0,0,1,1,1,1,4,3,3,1,3,5,8,10,9,10,Portuguese,676,0,1,0,0,1,2,3,0,1,9.666666666666666,Average
GP,M,16,U,GT3,T,0,2,other,other,other,mother,1,1,0,0,0,0,0,0,1,1,0,4,3,2,2,4,5,0,11,12,11,Portuguese,677,0,1,1,1,1,2,2,2,1,11.333333333333334,Average
GP,M,18,U,GT3,T,3,2,services,other,course,mother,2,1,0,0,0,0,0,1,0,1,0,4,4,5,2,4,5,8,7,8,7,Portuguese,678,0,1,1,1,1,3,2,0,1,7.333333333333333,At-Risk
GP,M,16,U,GT3,T,3,3,at_home,other,reputation,other,3,2,1,1,1,0,0,0,1,1,0,5,3,3,1,3,2,4,9,11,10,Portuguese,679,0,1,1,1,1,0,2,3,2,10.0,Average
GP,M,18,U,GT3,T,2,1,services,services,other,mother,1,1,2,0,0,0,0,0,0,1,0,3,2,5,2,5,5,4,7,8,6,Portuguese,680,0,1,1,1,1,3,3,2,1,7.0,At-Risk
GP,M,16,R,GT3,T,2,1,other,other,course,mother,2,1,0,0,0,0,1,0,1,0,0,3,3,2,1,3,3,2,14,13,12,Portuguese,681,0,1,0,1,1,2,2,0,1,13.0,Average
GP,M,17,R,GT3,T,2,1,other,other,course,mother,1,1,0,0,0,0,0,0,1,1,0,4,4,2,2,4,5,0,12,12,13,Portuguese,682,0,1,0,1,1,2,2,0,1,12.333333333333334,Average
GP,M,17,U,LE3,T,1,1,health,other,course,mother,2,1,1,0,1,0,1,1,1,1,0,4,4,4,1,2,5,0,9,10,10,Portuguese,683,0,1,1,0,1,1,2,0,1,9.666666666666666,Average
GP,F,18,U,LE3,A,2,1,other,other,course,mother,1,2,0,0,1,0,0,0,1,1,1,4,3,4,1,3,5,2,12,12,13,Portuguese,684,0,0,1,0,0,2,2,0,1,12.333333333333334,Average
GP,F,17,U,LE3,T,4,2,teacher,services,reputation,mother,1,4,0,0,1,0,1,1,1,1,0,4,2,3,1,1,4,2,14,15,17,Portuguese,685,0,0,1,0,1,4,3,3,1,15.333333333333334,High
GP,F,19,U,GT3,T,2,2,services,services,home,mother,1,2,0,0,1,0,0,1,1,1,0,4,3,3,1,1,5,0,10,10,11,Portuguese,686,0,0,1,1,1,3,3,1,1,10.333333333333334,Average
GP,M,18,U,LE3,T,2,1,services,other,course,mother,3,2,1,0,0,0,1,0,0,1,0,4,4,5,4,4,5,4,11,10,11,Portuguese,687,0,1,1,0,1,3,2,0,1,10.666666666666666,Average
GP,F,17,R,GT3,T,4,2,other,other,course,mother,1,3,0,0,1,0,1,1,1,1,0,4,3,4,1,3,5,2,11,12,14,Portuguese,688,0,0,0,1,1,2,2,0,1,12.333333333333334,Average
GP,F,18,U,LE3,T,1,1,other,at_home,home,mother,1,3,0,0,1,0,0,0,1,0,0,4,4,3,2,3,3,4,11,12,14,Portuguese,689,0,0,1,0,1,2,0,1,1,12.333333333333334,Average
GP,F,18,R,GT3,T,2,2,other,other,home,mother,1,2,0,1,0,0,0,1,1,0,0,3,2,3,1,1,5,4,11,11,13,Portuguese,690,0,0,0,1,1,2,2,1,1,11.666666666666666,Average
GP,M,19,U,LE3,A,4,3,services,at_home,reputation,mother,1,2,0,0,1,0,0,1,1,1,0,4,3,1,1,1,1,4,11,13,14,Portuguese,691,0,1,1,0,0,3,0,3,1,12.666666666666666,Average
GP,M,18,U,GT3,T,2,1,other,other,home,mother,1,2,0,0,0,0,1,1,1,1,0,5,2,4,1,2,4,2,16,16,16,Portuguese,692,0,1,1,1,1,2,2,1,1,16.0,High
GP,M,17,R,GT3,T,2,2,other,services,other,mother,2,1,0,0,0,0,0,0,0,0,0,5,2,2,1,1,4,0,9,10,10,Portuguese,693,0,1,0,1,1,2,3,2,1,9.666666666666666,Average
GP,F,17,U,LE3,T,2,2,services,services,course,father,1,4,0,0,0,0,1,1,1,1,1,3,4,1,1,1,2,2,10,11,12,Portuguese,694,0,0,1,0,1,3,3,0,0,11.0,Average
GP,F,20,R,GT3,T,2,1,other,other,course,other,2,2,0,0,1,1,1,1,0,1,1,1,2,3,1,2,2,8,10,12,12,Portuguese,695,0,0,0,1,1,2,2,0,2,11.333333333333334,Average
GP,F,18,U,GT3,T,4,3,services,other,home,father,1,2,0,0,1,0,0,1,1,1,1,3,1,2,1,3,2,2,15,15,15,Portuguese,696,0,0,1,1,1,3,2,1,0,15.0,High
GP,M,18,U,GT3,T,4,3,teacher,other,course,mother,1,2,0,0,1,0,0,0,1,1,0,4,3,2,1,1,3,2,10,10,11,Portuguese,697,0,1,1,1,1,4,2,0,1,10.333333333333334,Average
GP,M,18,R,GT3,T,3,2,other,other,course,mother,1,3,0,0,0,0,1,0,1,0,0,5,3,2,1,1,3,2,10,11,12,Portuguese,698,0,1,0,1,1,2,2,0,1,11.0,Average
GP,F,17,U,GT3,T,3,3,other,other,home,mother,1,3,0,0,0,0,1,0,1,0,0,3,2,3,1,1,4,2,15,12,13,Portuguese,699,0,0,1,1,1,2,2,1,1,13.333333333333334,Average
GP,F,18,U,GT3,T,2,2,at_home,services,home,mother,1,3,0,0,1,0,1,1,1,1,1,4,3,3,1,1,3,0,11,12,13,Portuguese,700,0,0,1,1,1,0,3,1,1,12.0,Average
GP,M,17,U,GT3,T,2,2,other,other,home,father,2,1,0,0,0,0,0,1,0,1,0,4,4,4,2,3,4,8,8,8,9,Portuguese,701,0,1,1,1,1,2,2,1,0,8.333333333333334,At-Risk
GP,M,18,R,LE3,A,3,4,other,other,reputation,mother,2,2,0,0,1,0,1,1,1,1,0,4,2,5,3,4,1,6,15,16,16,Portuguese,702,0,1,0,0,0,2,2,3,1,15.666666666666666,High
GP,M,17,U,GT3,T,3,1,services,other,other,mother,1,2,0,0,0,0,1,1,1,1,1,5,4,4,3,4,5,0,11,11,14,Portuguese,703,0,1,1,1,1,3,2,2,1,12.0,Average
GP,F,18,R,GT3,T,4,4,teacher,other,reputation,mother,2,2,0,0,0,0,1,1,1,1,0,4,3,4,2,2,4,8,10,11,12,Portuguese,704,0,0,0,1,1,4,2,3,1,11.0,Average
GP,M,18,U,GT3,T,4,2,health,other,reputation,father,1,2,0,0,1,0,1,1,1,1,1,5,4,5,1,3,5,4,10,12,14,Portuguese,705,0,1,1,1,1,1,2,3,0,12.0,Average
GP,F,18,R,GT3,T,2,1,other,other,reputation,mother,2,2,0,0,1,0,0,1,0,1,1,4,3,5,1,2,3,12,8,9,10,Portuguese,706,0,0,0,1,1,2,2,3,1,9.0,Average
GP,F,19,U,GT3,T,3,3,other,services,home,other,1,2,0,0,1,0,1,1,1,1,0,4,3,5,3,3,5,16,11,12,12,Portuguese,707,0,0,1,1,1,2,3,1,2,11.666666666666666,Average
GP,F,18,U,GT3,T,2,3,other,services,reputation,father,1,4,0,0,1,0,1,1,1,1,1,4,5,5,1,3,2,10,16,16,16,Portuguese,708,0,0,1,1,1,2,3,3,0,16.0,High
GP,F,18,U,LE3,T,1,1,other,other,home,mother,2,2,0,0,1,0,0,0,1,0,0,4,4,3,1,1,3,2,13,13,13,Portuguese,709,0,0,1,0,1,2,2,1,1,13.0,Average
GP,M,17,R,GT3,T,1,2,at_home,at_home,home,mother,1,2,0,0,1,0,1,0,1,0,1,3,5,2,2,2,1,2,16,17,18,Portuguese,710,0,1,0,1,1,0,0,1,1,17.0,High
GP,F,18,U,GT3,T,2,1,other,other,home,mother,1,2,0,0,1,0,0,1,1,1,1,4,2,5,1,2,1,8,14,14,15,Portuguese,711,0,0,1,1,1,2,2,1,1,14.333333333333334,High
GP,F,17,U,GT3,T,2,4,at_home,health,reputation,mother,2,2,0,0,1,0,0,1,1,1,1,4,3,3,1,1,1,6,15,16,16,Portuguese,712,0,0,1,1,1,0,1,3,1,15.666666666666666,High
GP,F,17,U,LE3,T,2,2,services,other,course,mother,2,2,0,1,1,0,0,1,1,1,1,4,4,4,2,3,5,6,12,12,12,Portuguese,713,0,0,1,0,1,3,2,0,1,12.0,Average
GP,F,18,R,GT3,A,3,2,other,services,home,mother,2,2,0,0,0,0,0,0,0,1,1,4,1,1,1,1,5,15,12,9,10,Portuguese,714,0,0,0,1,0,2,3,1,1,10.333333333333334,Average
GP,M,18,U,GT3,T,4,4,teacher,services,home,mother,2,1,0,0,0,0,1,1,1,1,0,3,2,4,1,4,3,6,11,12,12,Portuguese,715,0,1,1,1,1,4,3,1,1,11.666666666666666,Average
GP,F,18,U,GT3,T,4,4,health,health,reputation,father,1,2,1,1,1,0,1,1,1,1,1,2,4,4,1,1,4,2,14,12,13,Portuguese,716,0,0,1,1,1,1,1,3,0,13.0,Average
GP,F,17,U,GT3,T,2,2,other,services,reputation,father,3,3,0,0,1,0,0,1,1,1,1,4,2,3,1,1,1,8,13,15,15,Portuguese,717,0,0,1,1,1,2,3,3,0,14.333333333333334,High
GP,F,19,R,GT3,T,3,2,services,services,reputation,father,1,2,1,1,1,0,0,1,0,1,0,3,3,3,4,3,3,0,9,8,10,Portuguese,718,0,0,0,1,1,3,3,3,0,9.0,Average
GP,M,18,U,LE3,T,4,3,teacher,services,course,mother,2,1,0,0,0,0,1,1,1,1,0,4,2,3,1,2,1,0,10,10,10,Portuguese,719,0,1,1,0,1,4,3,0,1,10.0,Average
GP,M,18,U,GT3,T,1,2,at_home,other,home,other,2,1,0,0,0,0,0,0,0,1,0,3,4,4,2,4,4,10,10,10,11,Portuguese,720,0,1,1,1,1,0,2,1,2,10.333333333333334,Average
GP,M,17,U,LE3,A,4,1,services,other,home,mother,2,1,0,0,0,0,1,1,1,1,1,4,5,4,2,4,5,22,11,11,10,Portuguese,721,0,1,1,0,0,3,2,1,1,10.666666666666666,Average
GP,M,17,U,LE3,A,3,2,teacher,services,home,mother,1,1,0,0,0,0,0,1,1,1,0,4,4,4,3,4,3,18,13,13,13,Portuguese,722,0,1,1,0,0,4,3,1,1,13.0,Average
GP,F,18,R,LE3,T,1,1,at_home,other,reputation,mother,2,4,0,0,1,0,1,1,1,0,0,5,2,2,1,1,3,2,17,17,18,Portuguese,723,0,0,0,0,1,0,2,3,1,17.333333333333332,High
GP,F,18,U,GT3,T,1,1,other,other,home,mother,2,2,0,1,0,0,1,1,1,1,0,5,4,4,1,1,4,0,12,13,13,Portuguese,724,0,0,1,1,1,2,2,1,1,12.666666666666666,Average
GP,F,17,U,GT3,T,2,2,other,other,course,mother,1,2,0,0,1,0,0,0,1,1,0,5,4,5,1,2,5,12,12,12,14,Portuguese,725,0,0,1,1,1,2,2,0,1,12.666666666666666,Average
GP,F,18,U,GT3,T,2,1,other,other,reputation,mother,2,2,0,0,0,0,1,1,1,1,1,4,3,1,1,1,5,10,12,13,14,Portuguese,726,0,0,1,1,1,2,2,3,1,13.0,Average
GP,M,17,U,GT3,T,1,1,other,other,reputation,father,1,2,0,0,0,0,0,0,1,1,0,4,3,3,1,2,4,0,12,12,12,Portuguese,727,0,1,1,1,1,2,2,3,0,12.0,Average
GP,F,18,U,GT3,T,2,2,at_home,at_home,other,mother,1,3,0,0,1,0,0,1,1,1,0,4,3,3,1,2,2,0,18,18,18,Portuguese,728,0,0,1,1,1,0,0,2,1,18.0,High
GP,F,17,U,GT3,T,1,1,services,teacher,reputation,mother,1,3,0,0,1,0,0,1,1,1,0,4,3,3,1,1,3,0,13,13,14,Portuguese,729,0,0,1,1,1,3,4,3,1,13.333333333333334,Average
GP,M,18,U,GT3,T,2,1,services,services,reputation,mother,1,3,0,0,0,0,1,1,1,1,0,4,2,4,1,3,2,0,14,15,15,Portuguese,730,0,1,1,1,1,3,3,3,1,14.666666666666666,High
GP,M,18,U,LE3,A,4,4,teacher,teacher,reputation,mother,1,2,0,0,1,0,1,1,1,1,0,5,4,3,1,1,2,0,17,17,17,Portuguese,731,0,1,1,0,0,4,4,3,1,17.0,High
GP,M,18,U,GT3,T,4,2,teacher,other,home,mother,1,2,0,0,1,0,1,1,1,1,1,4,3,2,1,4,5,2,15,16,16,Portuguese,732,0,1,1,1,1,4,2,1,1,15.666666666666666,High
GP,F,17,U,GT3,T,4,3,health,services,reputation,mother,1,3,0,0,1,0,0,1,1,1,0,4,2,2,1,2,3,0,17,18,18,Portuguese,733,0,0,1,1,1,1,3,3,1,17.666666666666668,High
GP,F,17,R,LE3,T,3,1,services,other,reputation,mother,2,4,0,0,1,0,0,1,1,0,0,3,1,2,1,1,3,0,18,19,19,Portuguese,734,0,0,0,0,1,3,2,3,1,18.666666666666668,High
GP,M,18,R,LE3,T,3,2,services,other,reputation,mother,2,3,0,0,1,0,1,1,1,1,0,5,4,2,1,1,4,0,14,15,15,Portuguese,735,0,1,0,0,1,3,2,3,1,14.666666666666666,High
GP,M,17,U,GT3,T,3,3,health,other,home,mother,1,1,0,0,1,0,0,1,1,1,0,4,4,3,1,3,5,0,14,15,15,Portuguese,736,0,1,1,1,1,1,2,1,1,14.666666666666666,High
GP,F,19,U,GT3,T,4,4,health,other,reputation,other,2,2,0,0,1,0,1,1,1,1,0,2,3,4,2,3,2,2,14,13,13,Portuguese,737,0,0,1,1,1,1,2,3,2,13.333333333333334,Average
GP,F,18,U,LE3,T,4,3,other,other,home,other,2,2,0,0,1,0,0,1,1,1,1,4,4,5,1,2,2,0,13,14,14,Portuguese,738,0,0,1,0,1,2,2,1,2,13.666666666666666,Average
GP,F,18,U,GT3,T,4,3,other,other,reputation,father,1,4,0,0,1,0,0,1,1,1,0,4,3,3,1,1,3,0,16,17,17,Portuguese,739,0,0,1,1,1,2,2,3,0,16.666666666666668,High
GP,M,18,U,LE3,T,4,4,teacher,teacher,home,mother,1,1,0,0,1,0,0,1,1,1,1,1,4,2,2,2,1,0,18,18,17,Portuguese,740,0,1,1,0,1,4,4,1,1,17.666666666666668,High
GP,F,18,U,LE3,A,4,4,health,other,home,mother,1,2,0,0,1,1,0,1,1,1,1,4,2,4,1,1,4,0,14,15,15,Portuguese,741,0,0,1,0,0,1,2,1,1,14.666666666666666,High
GP,M,17,U,LE3,T,4,4,other,teacher,home,father,2,1,0,0,0,0,0,1,1,1,0,4,1,1,2,2,5,0,12,13,13,Portuguese,742,0,1,1,0,1,2,4,1,0,12.666666666666666,Average
GP,F,17,R,GT3,T,4,4,services,services,reputation,mother,2,3,0,0,1,0,1,1,1,1,0,5,3,4,1,1,5,0,7,7,8,Portuguese,743,0,0,0,1,1,3,3,3,1,7.333333333333333,At-Risk
GP,F,17,U,GT3,T,4,2,other,other,reputation,mother,2,3,0,0,1,0,0,1,1,1,0,4,3,3,1,1,3,0,16,16,16,Portuguese,744,0,0,1,1,1,2,2,3,1,16.0,High
GP,F,17,U,GT3,T,3,2,health,health,reputation,father,1,4,0,0,1,0,1,0,1,1,0,5,2,2,1,2,5,0,18,18,18,Portuguese,745,0,0,1,1,1,1,1,3,0,18.0,High
GP,M,19,R,LE3,T,2,1,at_home,services,course,mother,2,3,1,0,0,0,1,1,1,1,1,4,3,1,1,1,5,0,9,10,11,Portuguese,746,0,1,0,0,1,0,3,0,1,10.0,Average
GP,M,20,U,GT3,A,3,2,services,other,course,other,1,1,2,0,0,0,1,1,1,0,0,5,5,3,1,1,5,0,14,15,15,Portuguese,747,0,1,1,1,0,3,2,0,2,14.666666666666666,High
GP,M,19,R,GT3,T,3,3,other,services,reputation,father,1,2,0,0,0,0,1,1,1,0,1,4,5,3,1,2,5,0,10,10,11,Portuguese,748,0,1,0,1,1,2,3,3,0,10.333333333333334,Average
GP,F,18,U,GT3,T,1,4,other,teacher,home,mother,1,2,0,1,1,0,0,0,1,0,1,3,4,4,1,2,5,2,10,10,11,Portuguese,749,0,0,1,1,1,2,4,1,1,10.333333333333334,Average
GP,F,18,U,GT3,T,2,1,services,other,course,mother,2,2,0,0,1,0,1,1,1,1,0,5,3,3,1,2,1,2,12,12,15,Portuguese,750,0,0,1,1,1,3,2,0,1,13.0,High
GP,F,17,U,GT3,T,2,3,other,other,course,father,2,2,0,0,0,0,1,1,1,1,1,4,2,1,1,1,3,2,11,12,14,Portuguese,751,0,0,1,1,1,2,2,0,0,12.333333333333334,Average
GP,F,17,R,GT3,T,4,4,teacher,teacher,course,mother,1,1,0,0,0,0,1,1,1,1,0,4,4,4,1,1,5,2,15,16,17,Portuguese,752,0,0,0,1,1,4,4,0,1,16.0,High
GP,F,18,U,GT3,T,4,3,other,other,course,mother,1,3,0,0,1,0,1,1,1,1,1,4,3,4,1,1,5,2,14,15,17,Portuguese,753,0,0,1,1,1,2,2,0,1,15.333333333333334,High
GP,F,18,U,LE3,T,4,3,health,services,course,mother,2,1,0,0,1,0,0,1,1,1,0,3,2,4,1,4,1,8,12,12,15,Portuguese,754,0,0,1,0,1,1,3,0,1,13.0,High
GP,F,17,R,GT3,T,3,4,at_home,services,course,father,1,3,0,0,1,0,1,0,1,1,0,4,3,4,2,5,5,2,15,15,17,Portuguese,755,0,0,0,1,1,0,3,0,0,15.666666666666666,High
GP,F,18,U,GT3,T,3,3,at_home,other,course,father,1,2,0,0,1,0,0,1,1,1,0,4,1,4,1,1,3,8,11,12,14,Portuguese,756,0,0,1,1,1,0,2,0,0,12.333333333333334,Average
GP,M,19,U,GT3,T,4,2,health,other,course,mother,2,2,0,0,1,0,1,1,1,1,1,5,4,4,1,1,1,9,11,10,10,Portuguese,757,0,1,1,1,1,1,2,0,1,10.333333333333334,Average
GP,F,18,U,GT3,T,4,4,teacher,other,course,mother,1,2,0,0,1,0,0,1,1,1,0,4,4,4,3,3,5,0,12,11,13,Portuguese,758,0,0,1,1,1,4,2,0,1,12.0,Average
GP,F,18,U,GT3,T,3,4,other,other,course,mother,1,1,0,0,1,0,1,1,1,1,1,5,4,4,1,1,1,4,11,12,14,Portuguese,759,0,0,1,1,1,2,2,0,1,12.333333333333334,Average
GP,F,17,U,GT3,T,4,4,health,health,course,mother,1,1,0,0,0,0,1,1,1,1,0,5,3,4,1,2,5,2,14,15,17,Portuguese,760,0,0,1,1,1,1,1,0,1,15.333333333333334,High
GP,F,17,U,GT3,A,4,3,services,services,course,mother,1,2,0,0,1,0,0,1,1,1,1,5,2,2,1,2,5,14,15,14,17,Portuguese,761,0,0,1,1,0,3,3,0,1,15.333333333333334,High
GP,F,17,U,LE3,A,3,3,services,other,home,mother,1,2,0,1,1,0,0,1,1,1,0,5,3,3,1,1,5,0,12,12,13,Portuguese,762,0,0,1,0,0,3,2,1,1,12.333333333333334,Average
GP,F,17,U,LE3,T,2,1,other,other,home,father,1,2,0,0,0,0,1,1,1,1,0,4,2,3,2,2,2,2,11,12,14,Portuguese,763,0,0,1,0,1,2,2,1,0,12.333333333333334,Average
GP,M,18,U,LE3,T,4,4,other,other,reputation,father,1,1,0,0,1,0,0,1,1,1,0,4,2,5,3,4,5,2,8,9,11,Portuguese,764,0,1,1,0,1,2,2,3,0,9.333333333333334,Average
GP,F,19,U,GT3,T,1,1,other,other,course,other,3,3,0,0,0,0,1,1,0,0,1,1,5,5,4,3,5,12,10,10,11,Portuguese,765,0,0,1,1,1,2,2,0,2,10.333333333333334,Average
GP,F,19,U,LE3,A,1,1,other,other,course,other,3,2,2,0,1,0,0,0,1,1,1,5,3,4,1,1,4,2,8,8,9,Portuguese,766,0,0,1,0,0,2,2,0,2,8.333333333333334,At-Risk
GP,F,18,U,GT3,T,2,2,other,other,course,mother,1,1,0,0,1,0,1,1,1,1,1,4,3,5,2,4,5,2,10,10,10,Portuguese,767,0,0,1,1,1,2,2,0,1,10.0,Average
GP,F,17,U,GT3,T,2,2,other,other,course,mother,1,2,0,0,1,0,0,1,1,0,1,4,2,2,1,1,3,4,14,13,13,Portuguese,768,0,0,1,1,1,2,2,0,1,13.333333333333334,Average
GP,F,17,R,LE3,T,2,2,services,services,course,mother,1,3,0,0,1,0,1,1,1,1,0,3,3,2,2,2,3,0,11,11,10,Portuguese,769,0,0,0,0,1,3,3,0,1,10.666666666666666,Average
GP,F,17,U,GT3,T,3,1,services,services,course,father,1,3,0,0,1,0,0,0,1,1,0,3,4,3,2,3,5,0,17,18,17,Portuguese,770,0,0,1,1,1,3,3,0,0,17.333333333333332,High
GP,F,17,U,LE3,T,0,2,at_home,at_home,home,father,2,3,0,0,0,0,0,1,1,1,0,3,3,3,2,3,2,0,14,14,15,Portuguese,771,0,0,1,0,1,0,0,1,0,14.333333333333334,High
GP,F,18,U,GT3,T,1,1,other,other,home,mother,2,3,0,0,0,0,1,1,1,1,0,4,5,5,1,2,2,0,14,14,14,Portuguese,772,0,0,1,1,1,2,2,1,1,14.0,Average
GP,M,18,U,GT3,T,4,4,other,other,course,mother,1,3,0,0,0,0,1,1,1,1,0,4,3,3,2,2,3,0,13,14,13,Portuguese,773,0,1,1,1,1,2,2,0,1,13.333333333333334,Average
GP,M,17,U,GT3,T,3,3,other,services,reputation,mother,1,1,0,0,0,0,1,0,1,1,0,4,3,5,3,5,5,0,17,18,17,Portuguese,774,0,1,1,1,1,2,3,3,1,17.333333333333332,High
GP,M,17,R,GT3,T,2,2,services,other,course,mother,4,1,0,0,1,0,0,1,1,1,0,4,4,5,5,5,4,2,11,10,10,Portuguese,775,0,1,0,1,1,3,2,0,1,10.333333333333334,Average
GP,F,17,U,GT3,T,4,4,teacher,services,course,mother,1,3,0,0,1,0,1,1,1,1,0,5,4,4,1,3,4,0,13,12,13,Portuguese,776,0,0,1,1,1,4,3,0,1,12.666666666666666,Average
GP,F,17,U,GT3,T,4,4,teacher,teacher,course,mother,2,3,0,0,1,0,0,0,1,1,1,4,3,3,1,2,4,4,15,14,15,Portuguese,777,0,0,1,1,1,4,4,0,1,14.666666666666666,High
GP,F,17,U,GT3,T,3,3,at_home,other,course,mother,1,1,0,0,1,1,1,1,1,1,0,4,2,5,2,5,5,2,11,12,11,Portuguese,778,0,0,1,1,1,0,2,0,1,11.333333333333334,Average
GP,M,18,U,LE3,T,2,2,other,other,course,mother,1,4,0,0,1,1,1,1,1,1,0,4,5,5,2,4,5,0,11,11,12,Portuguese,779,0,1,1,0,1,2,2,0,1,11.333333333333334,Average
GP,M,19,R,GT3,T,3,2,at_home,services,home,other,1,1,0,0,1,0,0,0,1,0,1,5,3,4,2,2,5,0,11,10,10,Portuguese,780,0,1,0,1,1,0,3,1,2,10.333333333333334,Average
GP,F,18,U,GT3,T,2,2,at_home,other,course,mother,4,2,0,0,0,0,1,1,1,0,1,4,2,5,1,1,2,2,10,9,10,Portuguese,781,0,0,1,1,1,0,2,0,1,9.666666666666666,Average
GP,F,17,R,GT3,T,2,4,at_home,other,course,father,1,3,0,0,1,0,0,1,1,1,1,4,4,3,1,1,5,0,15,15,15,Portuguese,782,0,0,0,1,1,0,2,0,0,15.0,High
GP,M,18,U,GT3,T,2,2,other,other,reputation,mother,1,1,0,0,0,0,0,0,1,1,0,5,4,2,1,2,5,6,15,14,15,Portuguese,783,0,1,1,1,1,2,2,3,1,14.666666666666666,High
GP,F,18,U,GT3,T,3,3,services,services,home,mother,1,2,0,0,0,0,1,1,1,1,0,5,3,4,1,1,4,8,10,11,12,Portuguese,784,0,0,1,1,1,3,3,1,1,11.0,Average
GP,F,18,U,LE3,T,2,2,other,other,home,other,1,2,0,0,0,0,1,0,1,1,1,4,3,3,1,1,2,0,10,9,12,Portuguese,785,0,0,1,0,1,2,2,1,2,10.333333333333334,Average
GP,F,18,R,GT3,T,2,2,at_home,other,course,mother,2,4,0,0,0,0,1,1,1,0,0,4,4,4,1,1,4,6,14,13,14,Portuguese,786,0,0,0,1,1,0,2,0,1,13.666666666666666,Average
GP,F,17,U,GT3,T,3,4,services,other,course,mother,1,3,0,0,0,0,0,1,1,1,0,4,4,5,1,3,5,8,11,13,14,Portuguese,787,0,0,1,1,1,3,2,0,1,12.666666666666666,Average
GP,F,17,U,GT3,T,3,2,other,other,home,mother,1,2,0,0,1,0,0,1,1,1,1,4,3,2,2,3,2,0,12,13,15,Portuguese,788,0,0,1,1,1,2,2,1,1,13.333333333333334,High
GP,F,18,U,LE3,T,3,3,services,services,home,mother,1,4,0,0,1,0,0,1,1,1,0,5,3,3,1,1,1,4,14,14,15,Portuguese,789,0,0,1,0,1,3,3,1,1,14.333333333333334,High
GP,F,17,R,GT3,A,3,2,other,other,home,mother,1,2,0,0,1,0,0,1,1,1,0,4,3,3,2,3,2,0,14,14,16,Portuguese,790,0,0,0,1,0,2,2,1,1,14.666666666666666,High
GP,M,18,U,GT3,T,4,4,teacher,services,home,father,1,2,0,0,1,0,1,1,1,1,0,4,3,3,2,2,2,0,12,12,13,Portuguese,791,0,1,1,1,1,4,3,1,0,12.333333333333334,Average
GP,M,18,U,LE3,T,3,4,services,other,home,mother,1,2,0,0,0,0,1,1,1,1,1,4,3,3,1,3,5,6,16,16,17,Portuguese,792,0,1,1,0,1,3,2,1,1,16.333333333333332,High
GP,F,17,U,GT3,A,2,2,at_home,at_home,home,father,1,2,0,0,1,0,0,1,1,1,1,3,3,1,1,2,4,18,10,12,14,Portuguese,793,0,0,1,1,0,0,0,1,0,12.0,Average
GP,F,18,U,GT3,T,2,3,at_home,other,course,mother,1,3,0,0,1,0,0,1,1,1,0,4,3,3,1,2,3,0,11,12,14,Portuguese,794,0,0,1,1,1,0,2,0,1,12.333333333333334,Average
GP,F,18,U,GT3,T,3,2,other,services,other,mother,1,3,0,0,0,0,0,1,1,1,1,5,4,3,2,3,1,4,14,16,17,Portuguese,795,0,0,1,1,1,2,3,2,1,15.666666666666666,High
GP,M,18,R,GT3,T,4,3,teacher,services,course,mother,1,3,0,0,0,0,0,1,1,1,1,5,3,2,1,2,4,4,15,14,17,Portuguese,796,0,1,0,1,1,4,3,0,1,15.333333333333334,High
GP,M,18,U,GT3,T,4,3,teacher,other,course,mother,1,3,0,0,1,0,0,1,1,1,1,5,4,5,2,3,5,0,14,13,14,Portuguese,797,0,1,1,1,1,4,2,0,1,13.666666666666666,Average
GP,F,17,U,GT3,T,4,3,health,other,reputation,mother,1,3,0,0,1,0,1,1,1,1,1,4,4,3,1,3,4,0,11,12,13,Portuguese,798,0,0,1,1,1,1,2,3,1,12.0,Average
GP,F,17,U,GT3,T,2,1,services,other,course,mother,2,2,0,0,1,0,1,1,1,1,1,4,3,4,2,2,1,10,12,15,15,Portuguese,799,0,0,1,1,1,3,2,0,1,14.0,High
GP,F,17,U,GT3,T,2,1,services,other,reputation,mother,1,2,0,0,1,0,1,1,1,1,0,4,3,5,2,4,4,4,12,16,16,Portuguese,800,0,0,1,1,1,3,2,3,1,14.666666666666666,High
GP,F,19,U,LE3,A,2,3,at_home,other,home,other,2,1,1,0,0,0,0,1,0,1,0,2,2,3,3,4,5,16,10,11,11,Portuguese,801,0,0,1,0,0,0,2,1,2,10.666666666666666,Average
GP,F,17,U,GT3,T,3,1,other,at_home,home,mother,1,1,1,0,1,1,0,1,1,1,1,4,1,2,1,1,3,6,10,13,13,Portuguese,802,0,0,1,1,1,2,0,1,1,12.0,Average
GP,F,21,U,LE3,T,4,4,other,other,reputation,other,1,3,2,0,0,1,1,1,1,1,0,3,3,2,1,1,5,0,9,12,12,Portuguese,803,0,0,1,0,1,2,2,3,2,11.0,Average
GP,M,18,U,LE3,T,2,2,services,services,reputation,mother,1,2,0,0,1,0,1,0,0,1,0,4,4,4,1,3,3,11,9,11,12,Portuguese,804,0,1,1,0,1,3,3,3,1,10.666666666666666,Average
GP,M,18,U,LE3,A,3,4,other,other,reputation,other,1,2,0,0,0,0,1,1,1,1,1,4,3,5,1,4,2,9,13,14,15,Portuguese,805,0,1,1,0,0,2,2,3,2,14.0,High
GP,F,17,U,GT3,T,2,2,services,services,reputation,mother,1,2,0,0,1,0,1,1,1,1,0,4,3,4,1,3,4,0,13,17,17,Portuguese,806,0,0,1,1,1,3,3,3,1,15.666666666666666,High
GP,M,17,U,LE3,A,4,4,health,other,reputation,mother,1,3,0,0,1,0,0,1,1,1,0,4,4,2,1,2,4,2,12,15,15,Portuguese,807,0,1,1,0,0,1,2,3,1,14.0,High
GP,F,18,U,LE3,T,4,2,teacher,other,course,mother,1,2,0,0,1,0,1,1,1,1,0,4,2,2,1,1,3,0,14,17,17,Portuguese,808,0,0,1,0,1,4,2,0,1,16.0,High
GP,M,21,R,LE3,T,1,1,at_home,other,course,other,2,2,2,0,1,0,1,1,0,1,1,5,3,3,5,2,4,21,9,10,10,Portuguese,809,0,1,0,0,1,0,2,0,2,9.666666666666666,Average
GP,F,20,R,GT3,T,1,1,other,other,reputation,other,2,3,0,0,0,0,0,1,1,1,1,3,2,2,1,3,3,8,11,15,15,Portuguese,810,0,0,0,1,1,2,2,3,2,13.666666666666666,High
GP,F,19,U,GT3,T,4,4,teacher,other,home,other,1,1,1,0,1,0,0,1,1,1,1,3,2,5,4,4,5,5,9,10,11,Portuguese,811,0,0,1,1,1,4,2,1,2,10.0,Average
GP,M,17,U,LE3,A,3,2,other,other,reputation,mother,1,2,0,0,1,0,0,1,1,1,0,4,4,4,1,2,5,10,16,18,18,Portuguese,812,0,1,1,0,0,2,2,3,1,17.333333333333332,High
GP,F,18,U,GT3,T,3,2,at_home,other,reputation,father,1,3,0,0,1,0,0,1,1,1,1,4,3,4,1,2,2,5,14,17,17,Portuguese,813,0,0,1,1,1,0,2,3,0,16.0,High
GP,M,18,R,GT3,T,2,3,other,services,reputation,father,1,1,0,0,0,0,0,1,1,1,0,3,1,3,4,5,4,13,13,14,14,Portuguese,814,0,1,0,1,1,2,3,3,0,13.666666666666666,Average
GP,M,19,U,GT3,T,2,1,other,other,reputation,mother,1,1,0,0,0,0,0,1,1,1,0,5,3,4,1,4,4,10,7,11,11,Portuguese,815,0,1,1,1,1,2,2,3,1,9.666666666666666,Average
GP,F,18,U,LE3,A,2,2,services,other,reputation,mother,2,2,0,0,1,0,0,1,1,1,0,4,1,4,1,3,4,10,14,17,17,Portuguese,816,0,0,1,0,0,3,2,3,1,16.0,High
GP,F,20,U,GT3,T,1,0,other,other,reputation,mother,2,1,1,1,0,0,0,1,1,1,1,5,3,1,1,1,5,5,8,10,10,Portuguese,817,0,0,1,1,1,2,2,3,1,9.333333333333334,Average
GP,F,18,U,GT3,T,3,2,services,other,home,mother,1,2,0,0,1,0,1,0,1,1,1,3,1,2,1,2,1,4,10,13,13,Portuguese,818,0,0,1,1,1,3,2,1,1,12.0,Average
MS,F,16,U,GT3,T,1,3,at_home,other,other,father,2,1,0,0,1,0,0,1,0,1,1,4,3,3,1,3,5,11,10,11,11,Portuguese,819,1,0,1,1,1,0,2,2,0,10.666666666666666,Average
MS,F,16,R,GT3,T,2,2,other,other,course,mother,2,2,0,0,1,0,1,1,1,1,0,4,4,4,1,1,5,0,12,12,12,Portuguese,820,1,0,0,1,1,2,2,0,1,12.0,Average
MS,F,15,R,GT3,T,1,1,at_home,services,other,mother,1,1,1,0,1,0,0,1,1,0,1,4,1,3,1,1,2,6,10,10,10,Portuguese,821,1,0,0,1,1,0,3,2,1,10.0,Average
MS,F,15,R,GT3,T,3,3,at_home,other,course,mother,2,1,0,0,1,0,0,1,1,1,0,5,4,4,2,3,5,4,10,10,11,Portuguese,822,1,0,0,1,1,0,2,0,1,10.333333333333334,Average
MS,F,16,R,GT3,T,2,3,at_home,services,course,mother,2,2,0,0,0,0,0,1,1,0,0,4,5,2,1,2,5,0,16,17,17,Portuguese,823,1,0,0,1,1,0,3,0,1,16.666666666666668,High
MS,F,15,R,LE3,T,2,1,at_home,other,home,mother,2,1,0,0,0,0,0,1,0,0,0,1,3,4,1,1,1,0,6,8,9,Portuguese,824,1,0,0,0,1,0,2,1,1,7.666666666666667,At-Risk
MS,M,16,R,LE3,A,4,4,at_home,other,home,mother,1,2,0,0,1,0,0,1,1,0,0,5,3,2,1,3,2,5,10,11,11,Portuguese,825,1,1,0,0,0,0,2,1,1,10.666666666666666,Average
MS,M,16,U,GT3,A,1,2,other,other,other,mother,1,3,0,1,0,0,0,1,1,1,0,4,4,3,1,1,5,0,10,11,11,Portuguese,826,1,1,1,1,0,2,2,2,1,10.666666666666666,Average
MS,F,17,R,GT3,T,3,2,at_home,other,course,father,1,2,1,0,0,0,0,1,1,0,1,4,5,4,1,2,5,0,10,10,10,Portuguese,827,1,0,0,1,1,0,2,0,0,10.0,Average
MS,F,17,R,GT3,T,1,1,other,other,other,father,1,1,1,0,1,0,0,0,0,1,0,5,4,4,2,2,5,0,6,6,7,Portuguese,828,1,0,0,1,1,2,2,2,0,6.333333333333333,At-Risk
MS,F,15,R,GT3,T,4,4,teacher,other,course,mother,2,1,0,0,0,0,0,1,1,1,1,1,5,1,3,5,5,0,13,14,14,Portuguese,829,1,0,0,1,1,4,2,0,1,13.666666666666666,Average
MS,F,16,U,LE3,A,2,2,at_home,other,reputation,mother,2,4,0,0,0,0,1,0,0,0,1,1,2,1,1,1,1,4,10,9,11,Portuguese,830,1,0,1,0,0,0,2,3,1,10.0,Average
MS,F,15,R,LE3,T,1,1,at_home,services,reputation,father,2,2,0,0,1,0,0,1,1,1,0,5,4,3,1,2,4,0,10,10,10,Portuguese,831,1,0,0,0,1,0,3,3,0,10.0,Average
MS,F,15,R,LE3,T,1,1,other,services,course,mother,2,1,1,0,1,0,0,1,1,1,1,4,4,3,1,2,2,4,6,7,8,Portuguese,832,1,0,0,0,1,2,3,0,1,7.0,At-Risk
MS,F,16,R,GT3,T,0,2,other,other,other,mother,2,1,0,0,1,0,1,1,1,0,0,3,2,3,1,2,2,0,12,11,12,Portuguese,833,1,0,0,1,1,2,2,2,1,11.666666666666666,Average
MS,F,17,R,GT3,T,2,3,other,other,course,mother,2,1,0,0,1,0,0,1,1,1,0,5,5,5,1,3,3,2,10,11,12,Portuguese,834,1,0,0,1,1,2,2,0,1,11.0,Average
MS,F,15,R,GT3,T,3,3,other,services,course,father,2,1,0,0,0,0,0,0,1,1,0,4,1,3,1,1,4,0,14,16,16,Portuguese,835,1,0,0,1,1,2,3,0,0,15.333333333333334,High
MS,M,16,U,GT3,T,1,1,at_home,services,home,mother,2,2,0,0,1,0,1,1,1,0,1,5,4,5,4,5,3,0,7,0,0,Portuguese,836,1,1,1,1,1,0,3,1,1,2.3333333333333335,At-Risk
MS,M,17,U,GT3,T,1,1,other,other,home,mother,1,2,0,0,0,1,0,0,1,1,0,4,4,3,2,4,5,4,8,9,9,Portuguese,837,1,1,1,1,1,2,2,1,1,8.666666666666666,At-Risk
MS,M,15,R,LE3,T,4,1,health,services,reputation,father,1,2,0,0,1,0,1,1,1,1,0,5,3,4,1,2,2,0,12,13,14,Portuguese,838,1,1,0,0,1,1,3,3,0,13.0,Average
MS,M,15,R,LE3,T,4,1,health,services,reputation,father,1,2,0,0,1,0,1,1,1,1,0,5,3,4,1,2,2,7,7,9,8,Portuguese,839,1,1,0,0,1,1,3,3,0,8.0,At-Risk
MS,M,16,R,GT3,T,3,4,other,health,other,mother,3,2,0,0,0,0,0,0,1,0,0,3,4,5,1,2,5,4,9,10,11,Portuguese,840,1,1,0,1,1,2,1,2,1,10.0,Average
MS,M,15,R,GT3,T,1,1,other,other,course,mother,4,2,0,0,1,0,1,1,1,0,1,5,4,5,2,4,4,8,7,9,9,Portuguese,841,1,1,0,1,1,2,2,0,1,8.333333333333334,At-Risk
MS,M,15,U,LE3,T,3,3,at_home,at_home,reputation,father,1,2,0,0,1,0,1,1,1,1,0,5,3,3,1,1,5,0,11,11,11,Portuguese,842,1,1,1,0,1,0,0,3,0,11.0,Average
MS,M,17,R,GT3,T,2,1,other,other,other,mother,3,1,0,0,0,0,1,1,0,0,1,5,5,5,5,5,3,8,8,10,9,Portuguese,843,1,1,0,1,1,2,2,2,1,9.0,At-Risk
MS,F,16,R,GT3,T,4,4,teacher,teacher,course,mother,2,3,0,0,0,0,1,1,1,1,1,4,2,2,1,1,4,6,16,16,17,Portuguese,844,1,0,0,1,1,4,4,0,1,16.333333333333332,High
MS,F,15,R,GT3,T,1,2,other,services,course,mother,2,1,0,0,0,0,0,1,1,0,0,5,1,2,1,1,1,3,11,13,13,Portuguese,845,1,0,0,1,1,2,3,0,1,12.333333333333334,Average
MS,F,16,R,GT3,T,2,3,other,services,course,mother,3,2,0,0,1,0,0,1,1,1,0,4,5,4,1,2,1,2,15,15,15,Portuguese,846,1,0,0,1,1,2,3,0,1,15.0,High
MS,M,16,R,GT3,T,1,2,other,other,course,father,2,2,0,0,0,0,0,1,1,0,0,4,3,3,1,1,5,0,10,11,11,Portuguese,847,1,1,0,1,1,2,2,0,0,10.666666666666666,Average
MS,F,16,R,GT3,T,2,2,other,other,course,mother,3,2,0,0,1,0,0,1,1,1,0,4,4,5,1,1,4,4,9,10,11,Portuguese,848,1,0,0,1,1,2,2,0,1,10.0,Average
MS,F,16,U,GT3,T,1,2,other,services,course,mother,1,3,1,0,1,0,0,1,1,0,0,1,3,2,1,2,4,0,10,8,8,Portuguese,849,1,0,1,1,1,2,3,0,1,8.666666666666666,At-Risk
MS,F,16,U,GT3,T,1,2,other,services,course,mother,1,3,1,0,1,0,0,1,1,0,0,1,3,2,1,2,4,3,9,8,8,Portuguese,850,1,0,1,1,1,2,3,0,1,8.333333333333334,At-Risk
MS,F,15,U,GT3,T,2,1,at_home,other,home,mother,1,2,0,1,1,0,0,0,1,1,0,4,4,2,3,3,2,0,9,10,9,Portuguese,851,1,0,1,1,1,0,2,1,1,9.333333333333334,At-Risk
MS,F,16,U,GT3,T,1,1,at_home,other,course,father,1,2,0,0,1,0,0,0,1,0,1,5,4,3,2,1,2,0,13,14,15,Portuguese,852,1,0,1,1,1,0,2,0,0,14.0,High
MS,M,17,R,LE3,T,1,2,at_home,services,reputation,mother,1,1,0,0,1,0,1,1,1,1,0,5,5,5,5,5,3,4,10,11,11,Portuguese,853,1,1,0,0,1,0,3,3,1,10.666666666666666,Average
MS,F,16,R,GT3,T,1,1,other,other,home,father,4,4,0,0,1,0,0,0,1,1,0,4,3,2,1,1,1,0,13,10,13,Portuguese,854,1,0,0,1,1,2,2,1,0,12.0,Average
MS,F,16,R,GT3,T,1,1,at_home,other,other,father,4,3,0,1,1,0,0,1,1,0,0,4,4,3,1,1,5,2,10,9,10,Portuguese,855,1,0,0,1,1,0,2,2,0,9.666666666666666,Average
MS,F,15,R,GT3,T,1,1,at_home,other,home,father,2,2,0,0,1,0,1,1,1,1,0,4,3,3,1,1,2,1,11,10,11,Portuguese,856,1,0,0,1,1,0,2,1,0,10.666666666666666,Average
MS,F,16,R,GT3,T,1,1,at_home,other,other,mother,2,1,0,0,0,0,1,1,1,1,1,4,2,2,4,3,2,0,13,12,14,Portuguese,857,1,0,0,1,1,0,2,2,1,13.0,Average
MS,F,15,R,GT3,T,1,1,at_home,at_home,course,father,3,2,0,0,1,0,0,1,1,0,0,4,2,1,1,2,2,0,13,14,14,Portuguese,858,1,0,0,1,1,0,0,0,0,13.666666666666666,Average
MS,F,15,R,LE3,T,2,2,other,other,other,father,1,3,0,1,1,0,0,1,1,0,0,4,4,3,2,2,5,2,14,11,12,Portuguese,859,1,0,0,0,1,2,2,2,0,12.333333333333334,Average
MS,M,16,R,GT3,T,1,1,at_home,other,other,father,2,1,0,0,0,0,1,1,1,0,0,3,4,4,3,4,5,6,11,11,11,Portuguese,860,1,1,0,1,1,0,2,2,0,11.0,Average
MS,F,18,U,GT3,T,1,2,other,other,course,father,1,2,1,0,1,0,1,1,1,1,1,3,4,4,2,3,5,9,9,8,8,Portuguese,861,1,0,1,1,1,2,2,0,0,8.333333333333334,At-Risk
MS,M,15,U,GT3,T,3,1,other,services,home,mother,2,1,0,0,1,0,0,1,1,0,0,3,2,3,1,3,4,0,10,9,11,Portuguese,862,1,1,1,1,1,2,3,1,1,10.0,Average
MS,F,16,R,GT3,T,2,2,other,services,course,father,3,2,0,0,1,0,1,1,1,1,0,5,3,4,1,1,2,1,14,13,14,Portuguese,863,1,0,0,1,1,2,3,0,0,13.666666666666666,Average
MS,M,15,U,GT3,T,2,2,health,other,reputation,mother,3,1,0,0,0,0,0,1,1,0,0,4,3,3,1,2,4,1,13,12,13,Portuguese,864,1,1,1,1,1,1,2,3,1,12.666666666666666,Average
MS,M,16,U,GT3,T,4,4,other,teacher,course,father,1,2,0,0,1,0,1,1,1,0,1,4,3,1,1,1,3,0,13,12,13,Portuguese,865,1,1,1,1,1,2,4,0,0,12.666666666666666,Average
MS,F,15,R,GT3,T,3,3,services,other,reputation,mother,1,2,0,0,1,0,0,1,1,1,1,4,5,4,1,1,1,4,13,12,12,Portuguese,866,1,0,0,1,1,3,2,3,1,12.333333333333334,Average
MS,F,16,R,GT3,T,2,2,at_home,other,course,mother,2,2,1,0,1,0,1,0,1,0,0,4,4,4,2,3,5,2,12,11,12,Portuguese,867,1,0,0,1,1,0,2,0,1,11.666666666666666,Average
MS,F,16,R,LE3,T,2,2,other,other,home,father,3,1,0,0,1,0,1,1,1,0,1,4,3,2,1,1,4,0,14,14,16,Portuguese,868,1,0,0,0,1,2,2,1,0,14.666666666666666,High
MS,M,16,U,LE3,T,2,1,at_home,services,course,mother,2,1,0,0,1,0,1,1,1,1,0,2,4,3,2,3,4,4,10,8,10,Portuguese,869,1,1,1,0,1,0,3,0,1,9.333333333333334,Average
MS,M,15,R,LE3,T,1,3,at_home,other,reputation,father,3,1,0,0,1,0,1,1,1,1,0,4,2,4,3,5,3,2,10,11,11,Portuguese,870,1,1,0,0,1,0,2,3,0,10.666666666666666,Average
MS,F,15,U,GT3,T,2,2,other,services,course,mother,2,3,0,0,1,0,1,1,1,0,0,5,3,2,1,1,4,0,12,13,14,Portuguese,871,1,0,1,1,1,2,3,0,1,13.0,Average
MS,F,16,R,LE3,T,2,1,other,other,home,mother,1,1,0,0,1,0,0,1,1,1,1,5,4,3,1,1,5,2,10,8,8,Portuguese,872,1,0,0,0,1,2,2,1,1,8.666666666666666,At-Risk
MS,M,15,U,GT3,T,3,3,services,services,course,father,2,1,0,0,1,0,1,0,1,1,0,4,3,3,2,4,3,11,12,10,11,Portuguese,873,1,1,1,1,1,3,3,0,0,11.0,Average
MS,F,16,R,GT3,T,1,1,at_home,other,course,father,2,2,3,1,1,0,0,1,1,0,0,3,4,3,1,1,1,0,7,7,8,Portuguese,874,1,0,0,1,1,0,2,0,0,7.333333333333333,At-Risk
MS,F,17,U,GT3,T,2,2,other,at_home,course,mother,1,1,0,0,1,0,1,1,0,0,0,4,5,3,1,1,5,4,9,9,10,Portuguese,875,1,0,1,1,1,2,0,0,1,9.333333333333334,Average
MS,F,19,U,GT3,T,2,3,at_home,services,course,other,1,1,1,0,0,0,0,1,0,1,1,4,4,4,1,1,2,0,9,9,10,Portuguese,876,1,0,1,1,1,0,3,0,2,9.333333333333334,Average
MS,F,17,R,GT3,T,2,1,at_home,other,course,mother,3,1,0,0,1,0,1,1,0,0,1,5,5,3,1,1,3,2,9,10,11,Portuguese,877,1,0,0,1,1,0,2,0,1,10.0,Average
MS,F,15,R,LE3,T,1,1,at_home,other,course,mother,2,1,0,0,1,0,0,1,0,0,1,5,2,1,1,3,4,0,9,10,9,Portuguese,878,1,0,0,0,1,0,2,0,1,9.333333333333334,At-Risk
MS,F,16,R,GT3,T,2,2,other,other,course,father,3,2,0,0,1,0,0,1,0,1,0,3,4,5,1,2,1,1,9,10,11,Portuguese,879,1,0,0,1,1,2,2,0,0,10.0,Average
MS,F,16,U,LE3,A,2,2,other,other,home,mother,1,1,0,0,1,0,0,1,0,0,0,4,3,4,1,2,1,6,7,7,8,Portuguese,880,1,0,1,0,0,2,2,1,1,7.333333333333333,At-Risk
MS,F,17,R,GT3,T,2,2,at_home,other,course,mother,2,2,0,0,1,0,0,1,1,1,0,4,3,5,1,2,4,0,11,10,11,Portuguese,881,1,0,0,1,1,0,2,0,1,10.666666666666666,Average
MS,F,16,U,GT3,T,2,2,other,services,course,father,1,1,1,0,1,1,1,0,1,1,0,4,4,3,1,4,3,1,9,10,10,Portuguese,882,1,0,1,1,1,2,3,0,0,9.666666666666666,Average
MS,F,18,R,LE3,A,3,2,other,other,course,other,2,3,2,0,1,0,0,0,0,0,1,3,3,2,1,1,2,6,7,9,10,Portuguese,883,1,0,0,0,0,2,2,0,2,8.666666666666666,Average
MS,F,19,U,GT3,T,1,1,at_home,services,course,mother,1,3,1,0,0,0,1,1,0,0,1,5,3,1,1,1,3,6,7,9,9,Portuguese,884,1,0,1,1,1,0,3,0,1,8.333333333333334,At-Risk
MS,M,18,R,GT3,T,1,1,other,other,home,mother,2,1,1,0,0,0,1,1,0,1,0,4,4,3,3,4,4,0,8,9,10,Portuguese,885,1,1,0,1,1,2,2,1,1,9.0,Average
MS,F,18,R,GT3,T,1,1,at_home,at_home,course,mother,2,1,1,0,0,0,0,0,0,1,1,3,2,3,1,1,2,4,9,11,10,Portuguese,886,1,0,0,1,1,0,0,0,1,10.0,Average
MS,F,19,U,GT3,T,1,1,other,other,course,other,2,2,1,0,1,0,0,1,1,1,1,1,1,4,4,1,1,12,7,8,9,Portuguese,887,1,0,1,1,1,2,2,0,2,8.0,At-Risk
MS,F,16,R,GT3,A,2,2,health,other,course,mother,1,2,0,0,0,0,0,0,1,0,1,3,3,2,1,1,3,2,8,10,10,Portuguese,888,1,0,0,1,0,1,2,0,1,9.333333333333334,Average
MS,F,17,U,GT3,T,0,1,other,at_home,course,father,2,1,0,0,0,0,1,0,1,0,0,2,4,4,3,5,5,5,9,9,10,Portuguese,889,1,0,1,1,1,2,0,0,0,9.333333333333334,Average
MS,F,16,R,LE3,T,1,2,at_home,other,course,mother,1,2,0,0,0,0,1,1,0,1,0,4,4,5,1,3,3,0,8,9,9,Portuguese,890,1,0,0,0,1,0,2,0,1,8.666666666666666,At-Risk
MS,F,16,U,GT3,T,3,3,other,other,reputation,mother,1,1,0,0,0,0,1,1,0,1,1,4,5,4,1,1,4,0,14,13,13,Portuguese,891,1,0,1,1,1,2,2,3,1,13.333333333333334,Average
MS,F,16,R,LE3,T,1,1,services,services,home,mother,1,1,0,0,1,0,1,1,1,1,1,4,4,4,2,2,4,2,14,14,14,Portuguese,892,1,0,0,0,1,3,3,1,1,14.0,Average
MS,M,17,U,GT3,T,3,3,services,at_home,course,mother,2,4,1,0,1,1,1,1,1,0,0,5,4,5,3,4,5,0,10,11,10,Portuguese,893,1,1,1,1,1,3,0,0,1,10.333333333333334,Average
MS,F,16,U,GT3,T,2,1,other,services,course,mother,1,2,0,0,1,0,1,1,1,1,0,5,3,3,1,1,1,0,14,13,14,Portuguese,894,1,0,1,1,1,2,3,0,1,13.666666666666666,Average
MS,F,16,U,GT3,T,2,2,services,other,course,mother,1,1,0,0,1,1,1,1,1,0,1,4,2,5,1,2,5,0,17,16,16,Portuguese,895,1,0,1,1,1,3,2,0,1,16.333333333333332,High
MS,M,17,U,GT3,T,1,2,other,other,course,father,1,1,1,0,1,0,1,1,0,1,1,5,3,5,5,5,1,12,6,7,7,Portuguese,896,1,1,1,1,1,2,2,0,0,6.666666666666667,At-Risk
MS,M,16,U,LE3,T,4,3,other,other,course,father,1,1,0,0,0,0,1,1,1,1,0,4,2,5,1,5,5,8,14,12,13,Portuguese,897,1,1,1,0,1,2,2,0,0,13.0,Average
MS,M,17,R,LE3,T,2,2,services,services,other,mother,3,4,1,0,1,0,0,1,1,0,0,1,3,5,3,5,3,2,10,8,9,Portuguese,898,1,1,0,0,1,3,3,2,1,9.0,At-Risk
MS,F,16,U,GT3,T,1,1,other,other,course,other,1,4,0,1,1,0,1,1,1,1,0,2,2,1,1,1,5,0,14,14,14,Portuguese,899,1,0,1,1,1,2,2,0,2,14.0,Average
MS,F,19,U,LE3,T,2,2,other,other,home,mother,1,3,0,0,0,0,0,1,1,1,1,5,4,5,1,1,1,0,12,13,13,Portuguese,900,1,0,1,0,1,2,2,1,1,12.666666666666666,Average
MS,F,17,R,GT3,T,1,1,at_home,other,reputation,mother,2,1,0,0,1,0,1,0,1,1,1,4,4,5,1,2,5,0,11,11,11,Portuguese,901,1,0,0,1,1,0,2,3,1,11.0,Average
MS,F,20,U,GT3,T,3,3,at_home,services,other,mother,2,2,1,0,0,0,1,1,1,1,1,3,3,4,2,4,3,8,11,9,10,Portuguese,902,1,0,1,1,1,0,3,2,1,10.0,Average
MS,F,17,U,LE3,T,1,1,other,services,course,father,1,3,0,0,1,0,0,1,1,0,1,4,3,3,1,1,3,0,11,11,10,Portuguese,903,1,0,1,0,1,2,3,0,0,10.666666666666666,Average
MS,M,17,R,GT3,T,2,2,other,other,course,mother,3,1,1,0,1,0,0,0,1,1,0,4,4,5,1,2,5,0,10,9,9,Portuguese,904,1,1,0,1,1,2,2,0,1,9.333333333333334,At-Risk
MS,F,16,R,LE3,T,1,1,at_home,other,course,father,3,2,0,0,1,0,0,1,1,0,0,5,3,2,1,1,1,0,16,17,18,Portuguese,905,1,0,0,0,1,0,2,0,0,17.0,High
MS,F,17,R,GT3,T,2,2,other,other,reputation,mother,2,2,0,0,1,0,1,1,1,0,0,5,3,2,1,1,1,0,15,17,17,Portuguese,906,1,0,0,1,1,2,2,3,1,16.333333333333332,High
MS,F,17,U,GT3,A,1,0,other,other,other,mother,2,2,0,0,0,0,0,1,1,1,1,4,4,5,1,1,4,1,11,9,10,Portuguese,907,1,0,1,1,0,2,2,2,1,10.0,Average
MS,F,18,R,GT3,T,1,1,at_home,other,other,mother,1,2,1,0,1,0,0,1,1,1,1,4,3,2,1,1,5,9,7,7,7,Portuguese,908,1,0,0,1,1,0,2,2,1,7.0,At-Risk
MS,F,16,U,GT3,T,3,1,other,other,course,mother,1,1,0,0,0,0,1,1,1,1,0,3,1,3,1,3,1,0,8,6,8,Portuguese,909,1,0,1,1,1,2,2,0,1,7.333333333333333,At-Risk
MS,F,16,U,GT3,T,3,2,services,at_home,course,mother,1,1,0,0,0,0,0,1,1,1,0,3,1,3,1,4,3,2,7,6,7,Portuguese,910,1,0,1,1,1,3,0,0,1,6.666666666666667,At-Risk
MS,F,18,U,LE3,T,1,1,other,at_home,reputation,mother,2,2,0,1,0,0,0,1,1,0,0,2,3,5,1,4,3,8,9,8,10,Portuguese,911,1,0,1,0,1,2,0,3,1,9.0,Average
MS,F,16,R,GT3,T,4,4,health,teacher,reputation,father,1,2,0,0,0,0,1,0,1,1,1,4,3,3,2,3,2,0,14,16,16,Portuguese,912,1,0,0,1,1,1,4,3,0,15.333333333333334,High
MS,F,16,R,LE3,T,1,2,other,other,reputation,mother,2,1,0,0,0,0,1,1,1,1,0,5,4,5,1,4,2,0,14,14,15,Portuguese,913,1,0,0,0,1,2,2,3,1,14.333333333333334,High
MS,F,18,U,GT3,A,2,4,other,services,reputation,father,1,2,1,0,1,0,0,1,1,1,0,2,3,2,1,3,1,8,8,5,8,Portuguese,914,1,0,1,1,0,2,3,3,0,7.0,At-Risk
MS,M,16,R,GT3,T,2,1,other,services,reputation,mother,2,2,0,0,0,0,1,1,1,1,0,5,2,1,1,1,2,0,8,7,0,Portuguese,915,1,1,0,1,1,2,3,3,1,5.0,At-Risk
MS,F,16,U,LE3,T,1,1,at_home,other,other,mother,3,2,0,0,1,0,0,1,1,1,0,4,3,2,1,3,5,6,6,8,8,Portuguese,916,1,0,1,0,1,0,2,2,1,7.333333333333333,At-Risk
MS,F,16,R,GT3,T,2,3,at_home,services,other,mother,2,2,0,0,1,0,1,1,1,1,0,3,3,3,1,1,2,0,8,10,10,Portuguese,917,1,0,0,1,1,0,3,2,1,9.333333333333334,Average
MS,F,16,U,GT3,T,4,4,health,health,course,mother,1,2,0,0,1,0,0,1,1,1,1,4,3,4,1,2,3,4,8,8,8,Portuguese,918,1,0,1,1,1,1,1,0,1,8.0,At-Risk
MS,M,18,U,LE3,T,4,4,at_home,health,home,mother,1,4,0,0,1,0,1,1,0,1,1,5,5,5,5,5,5,2,5,6,6,Portuguese,919,1,1,1,0,1,0,1,1,1,5.666666666666667,At-Risk
MS,F,16,R,LE3,T,3,4,at_home,other,other,mother,3,2,0,0,1,0,0,0,1,0,0,4,2,1,1,1,2,2,7,9,8,Portuguese,920,1,0,0,0,1,0,2,2,1,8.0,At-Risk
MS,M,17,U,LE3,T,4,4,other,services,home,mother,1,3,0,0,1,0,0,1,1,1,0,4,4,3,1,2,5,0,15,14,16,Portuguese,921,1,1,1,0,1,2,3,1,1,15.0,High
MS,F,17,R,GT3,T,4,1,other,other,other,mother,1,1,0,0,0,0,0,1,1,1,1,4,2,3,1,2,5,1,13,14,14,Portuguese,922,1,0,0,1,1,2,2,2,1,13.666666666666666,Average
MS,M,16,U,LE3,T,2,2,services,services,other,mother,4,3,0,0,0,0,0,1,1,0,0,5,1,3,2,2,3,0,10,9,10,Portuguese,923,1,1,1,0,1,3,3,2,1,9.666666666666666,Average
MS,F,17,R,GT3,T,2,2,at_home,other,other,mother,1,1,0,0,1,1,0,1,1,1,0,5,1,3,1,2,5,5,9,9,9,Portuguese,924,1,0,0,1,1,0,2,2,1,9.0,At-Risk
MS,F,16,U,LE3,T,4,4,services,services,other,father,2,1,0,0,1,0,0,1,1,0,0,5,1,3,1,2,5,1,11,11,11,Portuguese,925,1,0,1,0,1,3,3,2,0,11.0,Average
MS,M,17,U,GT3,T,3,3,services,services,home,mother,1,1,0,0,1,0,1,1,1,1,0,4,1,4,5,5,3,8,7,10,9,Portuguese,926,1,1,1,1,1,3,3,1,1,8.666666666666666,At-Risk
MS,M,17,U,GT3,T,1,1,at_home,services,other,mother,3,2,0,0,0,0,0,1,1,1,1,5,1,3,3,3,1,0,10,10,10,Portuguese,927,1,1,1,1,1,0,3,2,1,10.0,Average
MS,M,16,U,GT3,T,2,1,health,services,other,mother,2,2,0,0,0,0,0,0,1,1,1,4,2,2,1,4,5,2,9,7,8,Portuguese,928,1,1,1,1,1,1,3,2,1,8.0,At-Risk
MS,F,16,U,LE3,T,2,1,other,services,other,mother,1,2,0,0,0,0,0,1,1,1,1,3,2,2,1,1,3,0,14,15,16,Portuguese,929,1,0,1,0,1,2,3,2,1,15.0,High
MS,M,16,U,LE3,T,4,4,teacher,health,other,father,1,1,0,0,1,0,0,1,1,1,0,4,1,2,2,5,5,0,11,12,12,Portuguese,930,1,1,1,0,1,4,1,2,0,11.666666666666666,Average
MS,M,15,R,GT3,T,1,2,other,services,course,mother,3,2,0,0,1,0,1,1,1,0,0,5,5,5,1,3,5,11,9,11,10,Portuguese,931,1,1,0,1,1,2,3,0,1,10.0,Average
MS,M,15,U,LE3,A,2,2,other,other,reputation,mother,3,4,0,0,1,0,1,1,1,0,0,5,4,5,2,3,5,8,13,14,14,Portuguese,932,1,1,1,0,0,2,2,3,1,13.666666666666666,Average
MS,M,15,U,LE3,A,2,1,services,services,course,mother,1,1,0,0,0,0,1,1,1,1,0,4,3,3,1,2,5,11,12,13,12,Portuguese,933,1,1,1,0,0,3,3,0,1,12.333333333333334,Average
MS,F,16,R,LE3,T,2,2,other,other,course,mother,1,3,0,0,1,0,0,0,1,0,1,4,3,3,2,2,5,2,11,11,11,Portuguese,934,1,0,0,0,1,2,2,0,1,11.0,Average
MS,F,16,U,LE3,T,4,1,other,other,home,mother,2,2,0,0,1,0,1,1,1,1,0,1,2,4,2,2,1,8,9,10,10,Portuguese,935,1,0,1,0,1,2,2,1,1,9.666666666666666,Average
MS,F,17,U,GT3,T,3,2,at_home,other,home,mother,2,1,0,0,0,0,0,1,1,0,1,4,3,3,2,2,1,5,9,11,11,Portuguese,936,1,0,1,1,1,0,2,1,1,10.333333333333334,Average
MS,F,17,R,GT3,T,2,2,other,other,other,mother,2,2,0,1,0,1,0,1,1,0,0,5,1,3,1,1,5,0,11,9,11,Portuguese,937,1,0,0,1,1,2,2,2,1,10.333333333333334,Average
MS,F,16,U,GT3,T,4,4,teacher,services,course,mother,2,3,0,0,1,0,0,1,1,1,1,5,3,5,1,4,5,1,10,11,12,Portuguese,938,1,0,1,1,1,4,3,0,1,11.0,Average
MS,M,17,R,GT3,T,4,4,health,other,course,father,3,1,3,0,0,0,1,1,1,1,1,3,3,3,1,3,5,2,9,9,8,Portuguese,939,1,1,0,1,1,1,2,0,0,8.666666666666666,At-Risk
MS,M,17,R,LE3,T,1,3,other,other,course,father,2,1,0,0,0,0,1,1,1,0,1,5,1,2,3,3,5,2,12,11,12,Portuguese,940,1,1,0,0,1,2,2,0,0,11.666666666666666,Average
MS,M,17,U,GT3,T,3,4,services,other,other,mother,1,2,1,0,1,0,1,0,1,1,1,5,4,4,3,4,5,8,8,9,8,Portuguese,941,1,1,1,1,1,3,2,2,1,8.333333333333334,At-Risk
MS,F,17,U,GT3,T,4,4,health,health,course,father,1,2,0,0,1,0,0,1,1,1,0,5,2,5,1,1,5,0,13,15,16,Portuguese,942,1,0,1,1,1,1,1,0,0,14.666666666666666,High
MS,M,16,R,LE3,T,4,1,other,at_home,other,father,1,1,0,0,0,0,0,1,1,1,0,4,1,2,2,1,2,0,10,11,11,Portuguese,943,1,1,0,0,1,2,0,2,0,10.666666666666666,Average
MS,F,17,U,GT3,A,1,1,at_home,at_home,other,mother,1,2,0,0,0,0,1,1,1,1,1,4,5,5,1,2,3,2,11,10,11,Portuguese,944,1,0,1,1,0,0,0,2,1,10.666666666666666,Average
MS,F,17,R,GT3,T,4,2,other,other,course,mother,2,2,0,1,1,0,0,0,1,1,0,4,3,3,2,3,5,0,17,18,18,Portuguese,945,1,0,0,1,1,2,2,0,1,17.666666666666668,High
MS,M,16,U,LE3,A,2,2,other,services,course,father,2,2,0,0,1,0,0,0,1,1,1,4,1,2,2,2,5,0,12,13,13,Portuguese,946,1,1,1,0,0,2,3,0,0,12.666666666666666,Average
MS,M,17,U,GT3,T,3,2,other,other,other,father,2,2,0,0,1,1,0,1,1,1,0,4,1,2,2,2,1,0,13,14,13,Portuguese,947,1,1,1,1,1,2,2,2,0,13.333333333333334,Average
MS,M,19,U,GT3,T,1,1,other,other,other,mother,1,2,2,0,1,0,1,1,0,1,0,4,4,3,3,4,4,2,9,9,10,Portuguese,948,1,1,1,1,1,2,2,2,1,9.333333333333334,Average
MS,M,17,U,LE3,A,1,0,other,other,home,mother,1,1,0,0,0,0,0,1,1,0,1,4,1,2,1,1,5,4,11,11,12,Portuguese,949,1,1,1,0,0,2,2,1,1,11.333333333333334,Average
MS,F,17,R,GT3,T,1,1,at_home,at_home,course,father,2,1,0,0,1,0,1,1,0,1,1,3,5,5,2,2,4,3,10,11,10,Portuguese,950,1,0,0,1,1,0,0,0,0,10.333333333333334,Average
MS,F,16,R,GT3,T,1,2,other,other,home,father,1,3,0,1,1,0,0,0,1,1,1,4,3,4,1,1,3,5,13,14,13,Portuguese,951,1,0,0,1,1,2,2,1,0,13.333333333333334,Average
MS,M,16,R,LE3,T,1,2,other,at_home,course,mother,1,1,0,0,0,0,0,1,1,0,0,4,4,4,2,4,5,4,9,10,11,Portuguese,952,1,1,0,0,1,2,0,0,1,10.0,Average
MS,F,17,R,GT3,T,3,1,other,other,course,mother,2,2,3,0,1,0,1,0,1,1,1,5,4,4,1,1,5,2,7,9,10,Portuguese,953,1,0,0,1,1,2,2,0,1,8.666666666666666,Average
MS,M,17,R,GT3,T,2,2,other,other,course,mother,2,1,0,0,0,0,1,1,0,0,1,5,5,5,3,5,5,0,8,13,10,Portuguese,954,1,1,0,1,1,2,2,0,1,10.333333333333334,Average
MS,M,18,R,GT3,T,1,0,at_home,at_home,course,other,3,1,1,1,1,0,0,1,1,0,0,4,3,2,1,1,4,0,12,12,13,Portuguese,955,1,1,0,1,1,0,0,0,2,12.333333333333334,Average
MS,M,17,R,GT3,T,1,1,other,services,course,mother,2,1,0,0,1,0,1,0,1,1,1,4,5,5,1,3,2,0,10,9,10,Portuguese,956,1,1,0,1,1,2,3,0,1,9.666666666666666,Average
MS,M,18,U,LE3,T,1,1,at_home,at_home,course,mother,2,2,0,0,1,0,1,1,1,0,0,4,3,3,1,4,5,6,10,9,10,Portuguese,957,1,1,1,0,1,0,0,0,1,9.666666666666666,Average
MS,F,16,R,LE3,T,2,2,other,services,course,father,1,2,0,0,0,0,1,1,1,0,1,5,4,3,1,1,1,0,11,13,12,Portuguese,958,1,0,0,0,1,2,3,0,0,12.0,Average
MS,M,17,U,GT3,T,2,2,other,other,course,mother,1,1,1,0,0,0,1,1,1,0,1,1,2,1,2,3,5,0,7,0,0,Portuguese,959,1,1,1,1,1,2,2,0,1,2.3333333333333335,At-Risk
MS,M,16,R,GT3,T,3,2,services,other,course,father,2,1,0,0,0,0,0,1,1,1,0,4,5,5,2,3,5,2,11,9,10,Portuguese,960,1,1,0,1,1,3,2,0,0,10.0,Average
MS,M,16,R,LE3,T,1,1,at_home,other,course,mother,2,1,0,0,0,0,1,1,1,1,0,4,5,5,2,4,5,0,10,10,9,Portuguese,961,1,1,0,0,1,0,2,0,1,9.666666666666666,At-Risk
MS,M,18,R,GT3,T,1,1,services,other,course,other,2,1,1,0,1,0,0,1,0,1,1,5,3,3,2,3,5,2,9,7,9,Portuguese,962,1,1,0,1,1,3,2,0,2,8.333333333333334,At-Risk
MS,M,18,R,GT3,T,3,2,services,other,course,mother,1,1,1,0,0,0,0,1,0,1,0,2,3,1,2,2,5,0,4,0,0,Portuguese,963,1,1,0,1,1,3,2,0,1,1.3333333333333333,At-Risk
MS,M,19,U,GT3,T,3,2,at_home,services,course,mother,2,1,3,0,0,0,1,1,1,0,0,3,2,1,1,1,3,4,6,11,9,Portuguese,964,1,1,1,1,1,0,3,0,1,8.666666666666666,At-Risk
MS,M,18,U,GT3,T,3,3,at_home,at_home,course,mother,1,2,2,0,1,0,1,1,0,1,0,4,4,5,1,3,3,9,4,8,8,Portuguese,965,1,1,1,1,1,0,0,0,1,6.666666666666667,At-Risk
MS,M,16,R,GT3,T,2,2,services,services,course,mother,2,1,0,0,1,0,1,1,1,1,1,5,4,3,2,4,4,6,7,8,8,Portuguese,966,1,1,0,1,1,3,3,0,1,7.666666666666667,At-Risk
MS,M,19,U,GT3,T,2,1,at_home,other,course,other,2,1,3,0,0,0,1,0,0,1,1,4,4,3,1,3,5,4,8,9,9,Portuguese,967,1,1,1,1,1,0,2,0,2,8.666666666666666,At-Risk
MS,F,16,U,GT3,A,3,2,services,at_home,course,mother,2,2,2,0,1,0,1,1,1,0,1,2,5,5,1,1,1,8,5,5,7,Portuguese,968,1,0,1,1,0,3,0,0,1,5.666666666666667,At-Risk
MS,F,17,U,GT3,T,1,1,other,at_home,course,mother,1,1,0,0,1,0,1,1,1,0,0,4,3,2,1,2,5,9,7,9,10,Portuguese,969,1,0,1,1,1,2,0,0,1,8.666666666666666,Average
MS,M,20,R,GT3,T,1,1,other,other,course,other,2,1,1,0,1,0,0,1,0,1,1,4,4,3,2,4,4,12,8,11,10,Portuguese,970,1,1,0,1,1,2,2,0,2,9.666666666666666,Average
MS,F,18,R,GT3,A,4,3,services,services,course,mother,1,1,0,0,1,0,0,1,1,1,0,5,4,4,3,4,2,8,10,11,10,Portuguese,971,1,0,0,1,0,3,3,0,1,10.333333333333334,Average
MS,M,18,R,GT3,T,3,2,other,other,course,mother,2,1,0,0,1,0,0,0,1,1,0,2,5,5,5,5,5,8,9,10,11,Portuguese,972,1,1,0,1,1,2,2,0,1,10.0,Average
MS,M,19,R,GT3,T,1,1,other,services,home,other,3,2,1,0,0,0,0,1,1,1,0,5,4,4,3,3,2,8,10,9,11,Portuguese,973,1,1,0,1,1,2,3,1,2,10.0,Average
MS,M,17,U,GT3,T,3,3,health,other,course,mother,2,2,1,0,1,0,0,1,1,1,0,4,5,4,2,3,3,4,8,9,10,Portuguese,974,1,1,1,1,1,1,2,0,1,9.0,Average
MS,M,18,U,LE3,T,1,3,at_home,services,course,mother,1,1,0,0,0,0,0,1,0,1,1,4,3,3,2,3,3,0,9,10,9,Portuguese,975,1,1,1,0,1,0,3,0,1,9.333333333333334,At-Risk
MS,M,19,R,GT3,T,1,1,other,other,home,other,3,1,1,0,1,0,0,1,1,1,0,4,4,4,3,3,5,4,8,9,10,Portuguese,976,1,1,0,1,1,2,2,1,2,9.0,Average
MS,F,18,U,GT3,A,1,2,at_home,other,course,mother,2,2,2,0,1,0,0,1,1,0,0,4,3,3,1,1,5,2,6,8,8,Portuguese,977,1,0,1,1,0,0,2,0,1,7.333333333333333,At-Risk
MS,F,19,U,LE3,A,1,1,at_home,other,course,mother,1,1,0,0,1,0,0,1,0,0,0,1,4,4,1,1,5,0,6,8,7,Portuguese,978,1,0,1,0,0,0,2,0,1,7.0,At-Risk
MS,F,18,R,GT3,T,2,2,other,other,other,mother,2,1,1,0,0,0,0,1,0,1,1,5,5,5,1,1,3,0,8,6,0,Portuguese,979,1,0,0,1,1,2,2,2,1,4.666666666666667,At-Risk
MS,F,17,R,GT3,T,0,0,at_home,other,course,mother,2,1,0,0,1,0,0,1,1,1,0,4,4,3,1,1,5,0,10,11,11,Portuguese,980,1,0,0,1,1,0,2,0,1,10.666666666666666,Average
MS,F,17,R,LE3,A,3,1,other,at_home,course,other,2,3,0,0,1,1,0,1,0,0,0,4,2,3,2,2,3,5,8,7,8,Portuguese,981,1,0,0,0,0,2,0,0,2,7.666666666666667,At-Risk
MS,F,17,U,GT3,T,4,2,teacher,services,home,mother,1,2,0,1,1,0,1,1,1,1,0,5,5,5,1,3,5,0,8,8,0,Portuguese,982,1,0,1,1,1,4,3,1,1,5.333333333333333,At-Risk
MS,F,18,R,LE3,T,2,2,services,services,course,mother,1,2,1,0,1,0,1,1,1,1,0,2,3,3,1,2,4,3,7,6,8,Portuguese,983,1,0,0,0,1,3,3,0,1,7.0,At-Risk
MS,F,17,U,GT3,T,4,1,health,at_home,course,mother,1,1,0,0,1,0,0,1,1,0,1,3,2,2,1,1,5,0,8,10,9,Portuguese,984,1,0,1,1,1,1,0,0,1,9.0,At-Risk
MS,F,17,U,LE3,T,1,2,at_home,other,course,father,1,1,0,0,0,0,0,1,1,1,0,5,5,1,1,1,3,0,7,10,10,Portuguese,985,1,0,1,0,1,0,2,0,0,9.0,Average
MS,F,18,U,GT3,T,1,1,other,other,course,mother,3,2,2,0,0,0,1,1,1,0,1,3,4,4,2,2,5,3,7,8,7,Portuguese,986,1,0,1,1,1,2,2,0,1,7.333333333333333,At-Risk
MS,F,18,U,GT3,T,2,2,services,at_home,reputation,father,2,2,0,0,0,0,1,0,1,1,0,4,3,5,1,1,1,2,12,13,14,Portuguese,987,1,0,1,1,1,3,0,3,0,13.0,Average
MS,F,17,U,GT3,T,3,3,services,services,course,mother,2,1,0,0,1,0,0,1,1,1,0,4,4,3,1,1,4,0,11,12,13,Portuguese,988,1,0,1,1,1,3,3,0,1,12.0,Average
MS,F,18,U,LE3,A,1,2,at_home,other,reputation,mother,2,2,0,0,0,0,0,1,1,1,0,4,4,3,1,2,4,0,12,13,14,Portuguese,989,1,0,1,0,0,0,2,3,1,13.0,Average
MS,F,18,U,GT3,T,4,4,teacher,teacher,reputation,mother,2,2,0,0,0,0,1,0,1,1,0,4,3,5,1,2,1,0,18,18,18,Portuguese,990,1,0,1,1,1,4,4,3,1,18.0,High
MS,M,18,U,LE3,T,4,4,services,other,reputation,mother,1,1,0,0,1,0,1,1,1,1,0,5,4,5,1,1,5,3,17,17,17,Portuguese,991,1,1,1,0,1,3,2,3,1,17.0,High
MS,F,17,U,GT3,T,4,2,other,other,course,mother,2,2,0,0,1,0,0,1,1,1,0,4,3,3,1,2,4,0,17,18,18,Portuguese,992,1,0,1,1,1,2,2,0,1,17.666666666666668,High
MS,F,18,R,GT3,T,2,2,at_home,other,course,mother,3,2,1,0,0,0,1,1,1,0,1,4,3,3,1,1,4,0,9,0,0,Portuguese,993,1,0,0,1,1,0,2,0,1,3.0,At-Risk
MS,M,18,U,LE3,T,1,2,at_home,services,home,mother,2,1,0,0,1,0,0,0,1,0,0,4,1,4,5,5,1,8,10,11,11,Portuguese,994,1,1,1,0,1,0,3,1,1,10.666666666666666,Average
MS,M,18,R,GT3,T,4,4,at_home,services,other,mother,3,1,0,0,1,1,1,1,1,1,1,2,5,5,1,1,1,5,12,13,14,Portuguese,995,1,1,0,1,1,0,3,2,1,13.0,Average
MS,M,17,R,GT3,T,1,1,other,services,other,father,3,1,0,0,0,0,0,0,0,0,0,4,2,3,3,4,4,4,12,13,14,Portuguese,996,1,1,0,1,1,2,3,2,0,13.0,Average
MS,F,18,U,GT3,T,2,2,other,other,course,mother,2,2,0,0,1,0,0,0,1,1,1,1,3,1,1,1,2,4,8,8,10,Portuguese,997,1,0,1,1,1,2,2,0,1,8.666666666666666,Average
MS,F,18,U,LE3,T,2,2,services,services,course,father,2,3,0,0,0,0,0,1,1,1,1,5,4,5,1,4,3,0,11,12,13,Portuguese,998,1,0,1,0,1,3,3,0,0,12.0,Average
MS,F,18,R,LE3,A,4,2,teacher,other,reputation,mother,1,2,0,0,0,0,1,1,1,1,1,5,3,1,1,1,5,0,5,0,0,Portuguese,999,1,0,0,0,0,4,2,3,1,1.6666666666666667,At-Risk
MS,F,18,U,GT3,T,1,1,at_home,services,course,mother,3,2,1,0,0,0,0,1,0,0,0,4,4,2,1,2,2,2,9,10,10,Portuguese,1000,1,0,1,1,1,0,3,0,1,9.666666666666666,Average
MS,F,19,U,GT3,T,1,1,at_home,services,other,father,2,1,1,0,0,0,0,1,0,0,0,5,5,5,2,3,2,0,5,0,0,Portuguese,1001,1,0,1,1,1,0,3,2,0,1.6666666666666667,At-Risk
MS,F,17,U,GT3,T,4,2,teacher,other,course,father,2,4,0,0,0,0,0,1,1,1,1,4,2,3,3,1,5,0,18,18,18,Portuguese,1002,1,0,1,1,1,4,2,0,0,18.0,High
MS,F,17,R,LE3,A,2,1,services,other,reputation,mother,2,2,0,0,0,0,1,1,1,1,1,5,3,3,1,2,2,5,11,11,12,Portuguese,1003,1,0,0,0,0,3,2,3,1,11.333333333333334,Average
MS,F,18,U,LE3,A,1,1,at_home,services,course,mother,1,2,0,0,0,0,0,1,1,0,1,5,2,3,1,2,3,2,8,10,11,Portuguese,1004,1,0,1,0,0,0,3,0,1,9.666666666666666,Average
MS,F,18,U,GT3,T,1,2,at_home,at_home,course,father,2,2,0,0,1,0,0,1,0,0,0,4,1,1,1,1,4,0,11,11,12,Portuguese,1005,1,0,1,1,1,0,0,0,0,11.333333333333334,Average
MS,F,19,R,GT3,A,1,1,at_home,at_home,course,other,2,2,3,0,1,0,1,1,0,0,1,3,5,4,1,4,1,0,8,0,0,Portuguese,1006,1,0,0,1,0,0,0,0,2,2.6666666666666665,At-Risk
MS,F,18,R,GT3,T,2,2,services,other,home,mother,2,3,0,0,0,0,0,1,1,1,1,4,2,1,1,1,4,5,14,14,15,Portuguese,1007,1,0,0,1,1,3,2,1,1,14.333333333333334,High
MS,M,17,R,GT3,T,4,3,services,other,home,mother,2,2,1,0,1,1,1,0,1,1,1,4,5,5,1,3,2,4,10,11,11,Portuguese,1008,1,1,0,1,1,3,2,1,1,10.666666666666666,Average
MS,F,18,U,GT3,T,3,3,services,services,course,father,1,2,0,0,1,0,0,1,1,0,1,5,3,4,1,1,5,0,10,10,10,Portuguese,1009,1,0,1,1,1,3,3,0,0,10.0,Average
MS,F,17,R,GT3,T,4,4,teacher,services,other,father,2,2,0,0,1,1,1,1,1,1,0,4,3,3,1,2,5,2,12,12,12,Portuguese,1010,1,0,0,1,1,4,3,2,0,12.0,Average
MS,F,17,U,LE3,A,3,2,services,other,reputation,mother,2,2,0,0,0,0,0,1,1,0,1,1,2,3,1,2,5,0,15,14,15,Portuguese,1011,1,0,1,0,0,3,2,3,1,14.666666666666666,High
MS,M,18,U,LE3,T,1,1,other,services,home,father,2,1,0,0,0,0,0,0,1,1,1,3,3,2,1,2,3,2,14,13,14,Portuguese,1012,1,1,1,0,1,2,3,1,0,13.666666666666666,Average
MS,F,18,U,LE3,T,1,1,at_home,services,course,father,2,3,0,0,0,0,0,1,1,1,0,5,3,2,1,1,4,0,19,17,18,Portuguese,1013,1,0,1,0,1,0,3,0,0,18.0,High
MS,F,18,R,LE3,A,1,2,at_home,other,course,mother,3,2,0,0,0,0,0,1,1,0,1,4,3,4,1,4,5,0,16,15,15,Portuguese,1014,1,0,0,0,0,0,2,0,1,15.333333333333334,High
MS,F,18,U,GT3,T,3,3,services,services,other,mother,2,2,0,0,1,0,0,1,1,1,1,4,3,2,1,3,3,6,13,12,13,Portuguese,1015,1,0,1,1,1,3,3,2,1,12.666666666666666,Average
MS,F,17,U,LE3,T,4,4,at_home,at_home,course,mother,1,2,0,0,1,0,1,1,1,1,1,2,3,4,1,1,1,4,15,14,15,Portuguese,1016,1,0,1,0,1,0,0,0,1,14.666666666666666,High
MS,F,17,R,GT3,T,1,2,other,services,course,father,2,2,0,0,0,0,0,0,1,0,0,3,2,2,1,2,3,0,13,13,13,Portuguese,1017,1,0,0,1,1,2,3,0,0,13.0,Average
MS,M,18,R,GT3,T,1,3,at_home,other,course,mother,2,2,0,0,1,1,0,1,1,0,0,3,3,4,2,4,3,0,8,10,9,Portuguese,1018,1,1,0,1,1,0,2,0,1,9.0,At-Risk
MS,M,18,U,LE3,T,4,4,teacher,services,other,mother,2,3,0,0,0,0,0,1,1,1,1,4,2,2,2,2,5,0,15,16,16,Portuguese,1019,1,1,1,0,1,4,3,2,1,15.666666666666666,High
MS,F,17,R,GT3,T,1,1,other,services,reputation,mother,3,1,1,0,1,0,0,1,1,1,1,5,2,1,1,2,1,0,8,8,9,Portuguese,1020,1,0,0,1,1,2,3,3,1,8.333333333333334,At-Risk
MS,F,18,U,GT3,T,2,3,at_home,services,course,father,2,1,0,0,1,0,0,1,1,1,1,5,2,3,1,2,4,0,10,10,10,Portuguese,1021,1,0,1,1,1,0,3,0,0,10.0,Average
MS,F,18,R,GT3,T,4,4,other,teacher,other,father,3,2,0,0,1,0,0,0,1,1,1,3,2,2,4,2,5,0,7,5,0,Portuguese,1022,1,0,0,1,1,2,4,2,0,4.0,At-Risk
MS,M,18,R,LE3,T,1,2,at_home,services,other,father,3,1,0,0,1,0,1,1,0,1,1,4,3,3,2,3,3,3,9,10,10,Portuguese,1023,1,1,0,0,1,0,3,2,0,9.666666666666666,Average
MS,F,17,U,GT3,T,2,2,other,at_home,home,mother,1,3,0,0,0,0,1,1,1,0,1,3,4,3,1,1,3,8,10,11,12,Portuguese,1024,1,0,1,1,1,2,0,1,1,11.0,Average
MS,F,17,R,GT3,T,1,2,other,other,course,mother,1,1,0,0,0,0,1,1,1,1,0,3,5,5,1,3,1,4,7,8,9,Portuguese,1025,1,0,0,1,1,2,2,0,1,8.0,At-Risk
MS,F,18,R,LE3,T,4,4,other,other,reputation,mother,2,3,0,0,0,0,0,1,1,1,0,5,4,4,1,1,1,0,15,17,17,Portuguese,1026,1,0,0,0,1,2,2,3,1,16.333333333333332,High
MS,F,18,R,GT3,T,1,1,other,other,home,mother,4,3,0,0,0,0,0,1,1,1,0,4,3,2,1,2,4,4,10,11,12,Portuguese,1027,1,0,0,1,1,2,2,1,1,11.0,Average
MS,F,19,R,GT3,T,1,1,at_home,other,course,other,2,2,1,0,1,0,0,1,1,1,1,4,3,3,1,1,3,4,7,8,9,Portuguese,1028,1,0,0,1,1,0,2,0,2,8.0,At-Risk
MS,F,18,R,LE3,T,4,4,teacher,services,course,mother,1,2,0,0,0,0,1,1,1,1,0,5,4,3,3,4,2,1,13,14,14,Portuguese,1029,1,0,0,0,1,4,3,0,1,13.666666666666666,Average
MS,F,18,U,GT3,T,3,3,other,other,home,mother,1,2,0,0,0,0,0,1,1,1,1,4,1,3,1,2,1,1,16,16,16,Portuguese,1030,1,0,1,1,1,2,2,1,1,16.0,High
MS,F,17,R,GT3,T,3,1,at_home,other,reputation,mother,1,2,0,0,1,0,1,0,1,1,0,4,5,4,2,3,1,10,8,9,9,Portuguese,1031,1,0,0,1,1,0,2,3,1,8.666666666666666,At-Risk
MS,M,18,U,GT3,T,4,4,teacher,teacher,home,father,1,2,0,0,0,0,1,0,1,1,0,3,2,4,1,4,2,4,17,18,19,Portuguese,1032,1,1,1,1,1,4,4,1,0,18.0,High
MS,M,18,R,GT3,T,2,1,other,other,other,mother,2,1,0,0,0,0,1,0,1,1,1,4,4,3,1,3,5,0,7,7,0,Portuguese,1033,1,1,0,1,1,2,2,2,1,4.666666666666667,At-Risk
MS,M,17,U,GT3,T,2,3,other,services,home,father,2,2,0,0,0,0,1,1,1,1,0,4,4,3,1,1,3,4,14,15,16,Portuguese,1034,1,1,1,1,1,2,3,1,0,15.0,High
MS,M,19,R,GT3,T,1,1,other,services,other,mother,2,1,1,0,0,0,0,1,1,0,0,4,3,2,1,3,5,0,5,8,0,Portuguese,1035,1,1,0,1,1,2,3,2,1,4.333333333333333,At-Risk
MS,M,18,R,GT3,T,4,2,other,other,home,father,2,1,1,0,0,1,0,1,1,0,0,5,4,3,4,3,3,0,7,7,0,Portuguese,1036,1,1,0,1,1,2,2,1,0,4.666666666666667,At-Risk
MS,F,18,R,GT3,T,2,2,at_home,other,other,mother,2,3,0,0,0,0,0,1,1,0,0,5,3,3,1,3,4,0,14,17,15,Portuguese,1037,1,0,0,1,1,0,2,2,1,15.333333333333334,High
MS,F,17,U,GT3,T,4,3,teacher,other,other,mother,2,2,0,0,0,0,0,1,1,1,0,5,5,4,1,1,1,0,6,9,11,Portuguese,1038,1,0,1,1,1,4,2,2,1,8.666666666666666,Average
MS,F,18,R,GT3,T,4,4,teacher,at_home,reputation,mother,3,1,0,0,1,0,1,1,1,1,1,4,4,3,2,2,5,4,7,9,10,Portuguese,1039,1,0,0,1,1,4,0,3,1,8.666666666666666,Average
MS,F,19,R,GT3,T,2,3,services,other,course,mother,1,3,1,0,0,0,1,0,1,1,0,5,4,2,1,2,5,4,10,11,10,Portuguese,1040,1,0,0,1,1,3,2,0,1,10.333333333333334,Average
MS,F,18,U,LE3,T,3,1,teacher,services,course,mother,1,2,0,0,1,0,0,1,1,1,0,4,3,4,1,1,1,4,15,15,16,Portuguese,1041,1,0,1,0,1,4,3,0,1,15.333333333333334,High
MS,F,18,U,GT3,T,1,1,other,other,course,mother,2,2,0,0,0,0,1,1,1,0,0,1,1,1,1,1,5,6,11,12,9,Portuguese,1042,1,0,1,1,1,2,2,0,1,10.666666666666666,At-Risk
MS,M,17,U,LE3,T,3,1,services,services,course,mother,2,1,0,0,0,0,0,0,1,1,0,2,4,5,3,4,2,6,10,10,10,Portuguese,1043,1,1,1,0,1,3,3,0,1,10.0,Average
MS,M,18,R,LE3,T,3,2,services,other,course,mother,3,1,0,0,0,0,0,0,1,1,0,4,4,1,3,4,5,4,10,11,11,Portuguese,1044,1,1,0,0,1,3,2,0,1,10.666666666666666,Average
